id;name;national_id;gender;birth;phone;created_by;created_date
1;于佳穎;R102430690;FEMALE;2001-12-19;0958619622;system;2018-11-07 12:10:41.855
2;薛建宏;C390979910;FEMALE;1915-10-31;0920266677;system;2018-11-07 12:10:41.855
3;居佩珊;A489176859;OTHER;1943-11-22;0964579236;system;2018-11-07 12:10:41.855
4;勞宜庭;O105293574;OTHER;1924-08-29;0906120031;system;2018-11-07 12:10:41.855
5;餘雅萍;S103023634;MALE;1976-10-06;0968375138;system;2018-11-07 12:10:41.855
6;甄嘉玲;A102998082;FEMALE;1933-11-05;0983258104;system;2018-11-07 12:10:41.855
7;方志宏;Y513803401;OTHER;1909-06-17;0940809110;system;2018-11-07 12:10:41.855
8;包佩珊;Q392718340;FEMALE;1921-12-01;0910103375;system;2018-11-07 12:10:41.855
9;伍怡安;C272450601;FEMALE;2015-09-03;0966221010;system;2018-11-07 12:10:41.855
10;堵宗翰;Z954047823;FEMALE;1985-01-09;0938534638;system;2018-11-07 12:10:41.855
11;籍建宏;M118180342;MALE;1937-05-15;0961057910;system;2018-11-07 12:10:41.855
12;廖鈺婷;R723639556;MALE;1990-04-28;0976575710;system;2018-11-07 12:10:41.855
13;別宗翰;I638623377;FEMALE;1990-10-11;0921080032;system;2018-11-07 12:10:41.855
14;鬱雅慧;E664010810;FEMALE;1987-06-07;0941014216;system;2018-11-07 12:10:41.855
15;冉郁婷;K978861775;MALE;1986-02-28;0907549637;system;2018-11-07 12:10:41.855
16;時雅雯;A101010208;MALE;2006-09-08;0933719227;system;2018-11-07 12:10:41.855
17;藍淑惠;X141012858;FEMALE;1962-10-15;0917381734;system;2018-11-07 12:10:41.855
18;鮑淑娟;U100752274;FEMALE;1926-05-05;0966493103;system;2018-11-07 12:10:41.855
19;朱冠宇;L216103965;MALE;1936-12-02;0942293465;system;2018-11-07 12:10:41.855
20;皮惠婷;J102521005;OTHER;1938-01-30;0907571724;system;2018-11-07 12:10:41.855
21;歐雅文;O997079170;FEMALE;1973-09-25;0910314808;system;2018-11-07 12:10:41.855
22;柴雅玲;M883281770;FEMALE;1952-01-26;0920668633;system;2018-11-07 12:10:41.855
23;殳家銘;P303300109;FEMALE;2009-01-14;0911099989;system;2018-11-07 12:10:41.855
24;滕詩婷;E900551016;OTHER;1930-09-17;0910561022;system;2018-11-07 12:10:41.855
25;潘雅涵;B425252367;OTHER;1993-01-18;0927772361;system;2018-11-07 12:10:41.855
26;鄔飛;I840340774;MALE;1974-09-15;0988638573;system;2018-11-07 12:10:41.855
27;陶佳慧;Y942138109;OTHER;2002-04-18;0942851085;system;2018-11-07 12:10:41.855
28;霍鈺婷;V457179815;OTHER;1979-02-03;0915244360;system;2018-11-07 12:10:41.855
29;扶佳蓉;Q145427142;OTHER;1946-10-21;0951698284;system;2018-11-07 12:10:41.855
30;莫淑華;F182306108;FEMALE;1931-02-14;0910341074;system;2018-11-07 12:10:41.855
31;步雅惠;K103975301;OTHER;1979-07-28;0966816361;system;2018-11-07 12:10:41.855
32;戎俊賢;K710544210;OTHER;1958-11-28;0910364081;system;2018-11-07 12:10:41.855
33;艾雅琪;A398822108;FEMALE;1926-01-22;0995877472;system;2018-11-07 12:10:41.855
34;淩志宏;T791525811;FEMALE;2015-01-09;0941432210;system;2018-11-07 12:10:41.855
35;宰淑貞;M710512180;OTHER;1917-05-20;0925000710;system;2018-11-07 12:10:41.855
36;平淑華;M910231095;FEMALE;1962-03-13;0983645376;system;2018-11-07 12:10:41.855
37;嵇佩珊;K106010594;OTHER;1975-08-23;0936107955;system;2018-11-07 12:10:41.855
38;鈄雅雯;B071098968;MALE;2000-10-26;0914379086;system;2018-11-07 12:10:41.855
39;逮佳玲;J209552109;OTHER;1915-02-08;0991832994;system;2018-11-07 12:10:41.855
40;景淑慧;Q245735411;OTHER;1993-03-01;0984641533;system;2018-11-07 12:10:41.855
41;侯雅筑;P737145540;OTHER;1924-08-29;0969271295;system;2018-11-07 12:10:41.855
42;水家豪;I104247349;FEMALE;1979-03-05;0983139211;system;2018-11-07 12:10:41.855
43;慎志偉;J165310346;FEMALE;2012-04-15;0910268106;system;2018-11-07 12:10:41.855
44;養家瑜;B549186118;FEMALE;1959-07-08;0901596101;system;2018-11-07 12:10:41.855
45;籍俊宏;I710900510;MALE;1916-12-27;0954881083;system;2018-11-07 12:10:41.855
46;伍怡婷;R105100224;OTHER;1918-04-07;0939101544;system;2018-11-07 12:10:41.855
47;祿心怡;R852914503;FEMALE;1995-02-20;0990565981;system;2018-11-07 12:10:41.855
48;充志宏;I107913261;FEMALE;1910-08-20;0952903010;system;2018-11-07 12:10:41.855
49;景雅筑;R660109873;MALE;1973-12-20;0902889963;system;2018-11-07 12:10:41.855
50;融詩涵;J421023192;FEMALE;1997-11-21;0960209728;system;2018-11-07 12:10:41.855
51;譚威廷;J100182892;OTHER;1929-02-22;0942301045;system;2018-11-07 12:10:41.855
52;宓雅涵;F212221011;MALE;1906-09-13;0951994451;system;2018-11-07 12:10:41.855
53;程淑芬;E610150905;MALE;1985-01-08;0926786418;system;2018-11-07 12:10:41.855
54;何宗翰;K964842850;FEMALE;1908-10-04;0972554702;system;2018-11-07 12:10:41.855
55;虞佳穎;S889079510;MALE;1999-08-27;0900551011;system;2018-11-07 12:10:41.855
56;蒯佩君;O044878107;FEMALE;1986-05-22;0910310249;system;2018-11-07 12:10:41.855
57;鬱嘉玲;C279746584;MALE;1989-03-31;0914388102;system;2018-11-07 12:10:41.855
58;元怡婷;G471005916;MALE;1909-05-20;0977101072;system;2018-11-07 12:10:41.855
59;邰宜君;B619104720;OTHER;2010-03-23;0997498551;system;2018-11-07 12:10:41.855
60;岑志宏;M104461083;OTHER;1993-04-10;0953643288;system;2018-11-07 12:10:41.855
61;謝怡萱;K170669110;MALE;1908-09-06;0996625148;system;2018-11-07 12:10:41.855
62;戴雅雯;X264175832;MALE;2017-06-20;0910455934;system;2018-11-07 12:10:41.855
63;糜志偉;V744711075;MALE;2003-07-19;0975431219;system;2018-11-07 12:10:41.855
64;通龍;U126581025;MALE;1919-04-04;0992810006;system;2018-11-07 12:10:41.855
65;弘中山;V110780863;FEMALE;1985-12-24;0927103353;system;2018-11-07 12:10:41.855
66;滿淑芬;S605253942;FEMALE;1970-09-11;0981103745;system;2018-11-07 12:10:41.855
67;鬱淑貞;P725100166;FEMALE;1992-11-01;0951108131;system;2018-11-07 12:10:41.855
68;全佳蓉;A985076106;OTHER;2018-04-08;0920100331;system;2018-11-07 12:10:41.855
69;康靜宜;K919412246;OTHER;2017-06-20;0961684662;system;2018-11-07 12:10:41.855
70;杭宜君;U099356544;FEMALE;2003-09-12;0976154833;system;2018-11-07 12:10:41.855
71;安飛;Q866356093;OTHER;1999-01-22;0987551048;system;2018-11-07 12:10:41.855
72;富思穎;E741016864;OTHER;2009-07-29;0927874091;system;2018-11-07 12:10:41.855
73;藺郁婷;F710265119;FEMALE;1951-03-16;0939879387;system;2018-11-07 12:10:41.855
74;舒淑玲;Z731010530;MALE;1993-09-01;0939094574;system;2018-11-07 12:10:41.855
75;居佳穎;R922964270;OTHER;1922-01-02;0979961085;system;2018-11-07 12:10:41.855
76;蓬冠霖;I103230715;MALE;1977-07-06;0910528869;system;2018-11-07 12:10:41.855
77;洪筱涵;G387140798;MALE;1933-01-07;0921060552;system;2018-11-07 12:10:41.855
78;林怡君;X431060262;OTHER;1940-08-20;0961567104;system;2018-11-07 12:10:41.855
79;豐家瑜;A766678510;FEMALE;1968-05-26;0945229710;system;2018-11-07 12:10:41.855
80;平婉婷;Y927101072;OTHER;1937-11-23;0986081031;system;2018-11-07 12:10:41.855
81;盧宗翰;R621424851;FEMALE;1965-10-19;0910632289;system;2018-11-07 12:10:41.855
82;程鈺婷;W174461051;FEMALE;1903-03-14;0940258106;system;2018-11-07 12:10:41.855
83;宮依婷;K087402801;OTHER;1980-08-04;0961118109;system;2018-11-07 12:10:41.855
84;殳詩婷;Q161010381;OTHER;1934-10-16;0913109455;system;2018-11-07 12:10:41.855
85;欒中山;Y023384648;OTHER;1940-10-10;0918781004;system;2018-11-07 12:10:41.855
86;曾傑克;W402949209;MALE;1960-01-29;0975350331;system;2018-11-07 12:10:41.855
87;屈雅慧;N241011031;FEMALE;2010-03-20;0997081018;system;2018-11-07 12:10:41.855
88;竇惠如;D208310479;FEMALE;1976-01-11;0991860058;system;2018-11-07 12:10:41.855
89;許雅芳;P103358989;MALE;1910-10-03;0913606587;system;2018-11-07 12:10:41.855
90;冀俊宏;Y893522102;OTHER;1983-06-07;0958691101;system;2018-11-07 12:10:41.855
91;歐怡婷;V738811010;MALE;1910-03-04;0948236365;system;2018-11-07 12:10:41.855
92;糜靜宜;B868733543;FEMALE;1978-01-23;0942769808;system;2018-11-07 12:10:41.855
93;麻雅惠;M353110428;FEMALE;1997-09-06;0910214536;system;2018-11-07 12:10:41.855
94;伊雅萍;M943450553;MALE;1941-11-07;0934101093;system;2018-11-07 12:10:41.855
95;毋怡婷;C801196269;FEMALE;1941-11-10;0931102110;system;2018-11-07 12:10:41.855
96;雲淑玲;G811013065;MALE;1940-01-13;0924313830;system;2018-11-07 12:10:41.855
97;錢俊宏;E673102249;FEMALE;1944-09-23;0961417726;system;2018-11-07 12:10:41.855
98;華怡如;T310810206;OTHER;1996-07-11;0991107942;system;2018-11-07 12:10:41.855
99;顧佳慧;B021378733;FEMALE;2001-09-02;0902010632;system;2018-11-07 12:10:41.855
100;羅志豪;T287279815;OTHER;1985-05-06;0940431009;system;2018-11-07 12:10:41.855
101;唐鈺婷;Y072208101;OTHER;1953-08-13;0901971298;system;2018-11-07 12:10:41.855
102;終淑玲;T105105380;FEMALE;1924-08-08;0904468416;system;2018-11-07 12:10:41.855
103;池宗翰;D176083096;MALE;1908-07-16;0963570410;system;2018-11-07 12:10:41.855
104;盧婉婷;D923833541;FEMALE;1940-12-11;0993106128;system;2018-11-07 12:10:41.855
105;竺承翰;K128841753;FEMALE;1982-11-10;0923354483;system;2018-11-07 12:10:41.855
106;宗冠廷;Z746468242;MALE;2009-10-21;0927850104;system;2018-11-07 12:10:41.855
107;薛鈺婷;M109138801;OTHER;1964-09-26;0921551031;system;2018-11-07 12:10:41.855
108;阮家瑜;K102779130;MALE;1989-03-01;0980809794;system;2018-11-07 12:10:41.855
109;吉筱涵;W800907975;OTHER;2013-11-28;0979047944;system;2018-11-07 12:10:41.855
110;費承翰;T700721210;MALE;2012-10-26;0945810108;system;2018-11-07 12:10:41.855
111;終怡安;J441016513;MALE;1972-01-10;0920830576;system;2018-11-07 12:10:41.855
112;支惠婷;K900512785;OTHER;1926-06-17;0919831784;system;2018-11-07 12:10:41.855
113;昝沖;F102157297;FEMALE;1935-02-04;0996782188;system;2018-11-07 12:10:41.855
114;匡傑克;N881047949;MALE;2015-12-03;0992548052;system;2018-11-07 12:10:41.855
115;杭沖;G810388510;MALE;1976-07-15;0967146524;system;2018-11-07 12:10:41.855
116;慎雅琪;I310397094;OTHER;1933-03-11;0974103910;system;2018-11-07 12:10:41.855
117;糜佳蓉;V102610010;OTHER;1971-03-01;0904410258;system;2018-11-07 12:10:41.855
118;淳于怡安;H701045431;FEMALE;1958-05-28;0973105546;system;2018-11-07 12:10:41.855
119;東宜庭;E910424829;FEMALE;1979-11-19;0950360491;system;2018-11-07 12:10:41.855
120;曹惠如;K105820521;MALE;1969-05-05;0909361373;system;2018-11-07 12:10:41.855
121;堵家豪;O472670358;MALE;1916-09-10;0994919100;system;2018-11-07 12:10:41.855
122;龍美玲;J710912132;MALE;1987-09-13;0929614406;system;2018-11-07 12:10:41.855
123;扶哲瑋;J649125862;OTHER;1928-04-28;0910296080;system;2018-11-07 12:10:41.855
124;謝慧君;H310936379;MALE;1946-06-27;0986106803;system;2018-11-07 12:10:41.855
125;潘淑貞;X095321234;MALE;1966-05-10;0942840636;system;2018-11-07 12:10:41.855
126;席佳玲;L748331952;MALE;1925-03-12;0930108631;system;2018-11-07 12:10:41.855
127;桂美琪;I408104984;MALE;2014-03-30;0958237696;system;2018-11-07 12:10:41.855
128;杜淑惠;G026659899;OTHER;1992-05-19;0904341198;system;2018-11-07 12:10:41.855
129;甘淑慧;Z684107875;FEMALE;1967-04-11;0923284380;system;2018-11-07 12:10:41.855
130;巴依婷;J446960062;OTHER;2015-06-06;0948753771;system;2018-11-07 12:10:41.855
131;郎美琪;S896111071;OTHER;1937-05-10;0913892201;system;2018-11-07 12:10:41.855
132;楊淑玲;I564733398;MALE;1975-10-22;0931466103;system;2018-11-07 12:10:41.855
133;蕭怡安;H939840493;FEMALE;1981-01-07;0920808234;system;2018-11-07 12:10:41.855
134;申佳慧;A449181701;MALE;2006-09-06;0959341742;system;2018-11-07 12:10:41.855
135;封婷婷;E446803263;MALE;1942-12-20;0991010764;system;2018-11-07 12:10:41.855
136;沙怡如;F510011910;MALE;1996-12-31;0951083101;system;2018-11-07 12:10:41.855
137;雍心怡;C880106225;FEMALE;1980-05-31;0968530883;system;2018-11-07 12:10:41.855
138;巫信宏;Q150744623;FEMALE;1911-09-20;0910491032;system;2018-11-07 12:10:41.855
139;芮中山;B212961032;MALE;1909-07-28;0909467055;system;2018-11-07 12:10:41.855
140;富佳穎;Y711629790;OTHER;1977-08-13;0910359125;system;2018-11-07 12:10:41.855
141;耿冠霖;H410956187;OTHER;1986-02-12;0912021010;system;2018-11-07 12:10:41.855
142;竇飛;V725595231;FEMALE;1923-11-20;0913797321;system;2018-11-07 12:10:41.855
143;隗柏翰;X571022315;FEMALE;1968-07-02;0981210392;system;2018-11-07 12:10:41.855
144;國惠雯;F745744907;MALE;1956-04-05;0910015542;system;2018-11-07 12:10:41.855
145;魯哲瑋;X672834405;MALE;1926-01-15;0995928110;system;2018-11-07 12:10:41.855
146;婁龍;U926443972;MALE;1931-04-03;0971028377;system;2018-11-07 12:10:41.855
147;滕冠廷;Z712455351;OTHER;1933-07-21;0973813101;system;2018-11-07 12:10:41.855
148;蘇惠如;R945941061;FEMALE;1993-03-03;0953704752;system;2018-11-07 12:10:41.855
149;伊淑華;Z216210244;OTHER;1978-06-30;0900185108;system;2018-11-07 12:10:41.855
150;籍雅慧;D375598527;OTHER;1977-02-13;0901235710;system;2018-11-07 12:10:41.855
151;師雅玲;E109594360;OTHER;2014-02-02;0910680993;system;2018-11-07 12:10:41.855
152;傅冠霖;X142871413;MALE;1997-11-30;0985103714;system;2018-11-07 12:10:41.855
153;平琬婷;Q189762348;MALE;1931-12-04;0908050104;system;2018-11-07 12:10:41.855
154;郎欣怡;Q905310983;FEMALE;1958-11-23;0912704103;system;2018-11-07 12:10:41.855
155;苗欣怡;A892327108;MALE;1923-03-31;0925048296;system;2018-11-07 12:10:41.855
156;曆佩君;V184455109;OTHER;1985-01-14;0980186103;system;2018-11-07 12:10:41.855
157;紅宇軒;Y110182080;FEMALE;1922-05-01;0916911020;system;2018-11-07 12:10:41.855
158;勾哲瑋;K856112541;OTHER;1950-07-28;0917652068;system;2018-11-07 12:10:41.855
159;水佳玲;R748964573;OTHER;1913-05-13;0924281888;system;2018-11-07 12:10:41.855
160;松志宏;W710141013;MALE;2018-09-29;0986776754;system;2018-11-07 12:10:41.855
161;徐怡萱;V210255147;MALE;1958-07-29;0995406896;system;2018-11-07 12:10:41.855
162;甯慧君;B510638010;MALE;2015-04-14;0900103152;system;2018-11-07 12:10:41.855
163;奚馨儀;B902684411;MALE;2005-08-18;0959367633;system;2018-11-07 12:10:41.855
164;惠靜怡;Q723954101;OTHER;2011-03-23;0924662707;system;2018-11-07 12:10:41.855
165;富哲瑋;T081753181;FEMALE;1988-03-30;0925041010;system;2018-11-07 12:10:41.855
166;桑瑋婷;L510149253;OTHER;1990-03-03;0952912141;system;2018-11-07 12:10:41.855
167;儲龍;I310389260;OTHER;1957-05-29;0931076341;system;2018-11-07 12:10:41.855
168;羅淑玲;U283610009;MALE;1974-12-08;0949107511;system;2018-11-07 12:10:41.855
169;寇家銘;D319781880;OTHER;1997-03-24;0929609680;system;2018-11-07 12:10:41.855
170;鮑志宏;Z432184276;MALE;1978-12-26;0943141055;system;2018-11-07 12:10:41.855
171;尤雅惠;N008826106;MALE;1906-08-05;0973751261;system;2018-11-07 12:10:41.855
172;衛靜宜;U673101841;FEMALE;1998-05-17;0935105213;system;2018-11-07 12:10:41.855
173;曾惠如;O238009663;FEMALE;1983-06-04;0971669595;system;2018-11-07 12:10:41.855
174;尚婷婷;C571007109;OTHER;1936-06-21;0988102845;system;2018-11-07 12:10:41.855
175;鄒慧君;F910648621;MALE;1959-01-07;0947284270;system;2018-11-07 12:10:41.855
176;戚郁雯;H167108005;OTHER;1960-06-30;0945131875;system;2018-11-07 12:10:41.855
177;米惠雯;U161081380;MALE;1916-04-18;0944927704;system;2018-11-07 12:10:41.855
178;錢淑慧;H694510619;FEMALE;1920-07-11;0910096965;system;2018-11-07 12:10:41.855
179;堵惠如;R617669496;FEMALE;1950-10-14;0951100622;system;2018-11-07 12:10:41.855
180;辛俊宏;U631053184;MALE;2009-01-01;0966626621;system;2018-11-07 12:10:41.855
181;劉美琪;Y485561064;FEMALE;1996-04-19;0943794188;system;2018-11-07 12:10:41.855
182;水沖;P784345496;OTHER;1917-05-23;0917399717;system;2018-11-07 12:10:41.855
183;卻靜怡;V168386078;OTHER;2001-10-24;0939410549;system;2018-11-07 12:10:41.855
184;鄂詩涵;Y423040751;MALE;1971-07-13;0904350410;system;2018-11-07 12:10:41.855
185;倪雅慧;E491335209;FEMALE;1944-09-14;0983102757;system;2018-11-07 12:10:41.855
186;陶沖;N987808100;MALE;1948-11-27;0970110750;system;2018-11-07 12:10:41.855
187;沙思穎;D497364507;OTHER;1986-11-29;0923750448;system;2018-11-07 12:10:41.855
188;晏建宏;C817332752;OTHER;1928-09-04;0961024561;system;2018-11-07 12:10:41.855
189;籍婷婷;B128792150;FEMALE;1958-01-09;0910100481;system;2018-11-07 12:10:41.855
190;廣淑慧;N783260995;OTHER;1916-06-13;0982103634;system;2018-11-07 12:10:41.855
191;牧怡君;J103777481;FEMALE;1909-03-14;0998515354;system;2018-11-07 12:10:41.855
192;古嘉玲;T247800128;OTHER;1938-02-22;0991691081;system;2018-11-07 12:10:41.855
193;孫志偉;T929761175;FEMALE;2008-01-16;0981741719;system;2018-11-07 12:10:41.855
194;強惠婷;O278968269;OTHER;1923-04-09;0951017072;system;2018-11-07 12:10:41.855
195;時沖;P110927779;MALE;1909-03-17;0916441102;system;2018-11-07 12:10:41.855
196;文美玲;D693368010;FEMALE;2014-11-27;0962507512;system;2018-11-07 12:10:41.855
197;別惠雯;R701042911;OTHER;1915-06-28;0910650874;system;2018-11-07 12:10:41.855
198;時淑貞;K131028368;MALE;1955-06-29;0905231827;system;2018-11-07 12:10:41.855
199;莘嘉玲;Z608231015;FEMALE;1938-09-16;0951033590;system;2018-11-07 12:10:41.855
200;姚雅琪;R234179467;OTHER;1903-08-21;0910437952;system;2018-11-07 12:10:41.855
201;慕志豪;V966175457;FEMALE;1926-05-20;0978053782;system;2018-11-07 12:10:41.855
202;牛庭瑋;N766423426;MALE;2017-05-12;0936154322;system;2018-11-07 12:10:41.855
203;韶淑華;R769410538;FEMALE;1924-07-05;0985159543;system;2018-11-07 12:10:41.855
204;蕭建宏;G367695711;OTHER;1954-04-12;0970894006;system;2018-11-07 12:10:41.855
205;祝詩涵;H449677017;OTHER;1980-11-15;0975304124;system;2018-11-07 12:10:41.855
206;鞠詩婷;N891684065;FEMALE;1993-08-08;0991041017;system;2018-11-07 12:10:41.855
207;湛宇軒;C674445101;OTHER;1915-03-01;0958724061;system;2018-11-07 12:10:41.855
208;衛羽;O585100716;MALE;1989-10-31;0935384083;system;2018-11-07 12:10:41.855
209;游家瑋;W410119381;FEMALE;2004-04-09;0906527102;system;2018-11-07 12:10:41.855
210;荊柏翰;G785750100;FEMALE;1994-04-21;0962766011;system;2018-11-07 12:10:41.855
211;熊威廷;Z513848219;OTHER;1908-01-12;0986024991;system;2018-11-07 12:10:41.855
212;趙瑋婷;F110722929;OTHER;1973-10-25;0991071109;system;2018-11-07 12:10:41.855
213;闕冠宇;J699150968;MALE;1962-09-13;0901091017;system;2018-11-07 12:10:41.855
214;葛雅慧;P462038693;MALE;2016-07-07;0944843027;system;2018-11-07 12:10:41.855
215;高淑娟;R532210232;MALE;1937-05-12;0910858917;system;2018-11-07 12:10:41.855
216;魯宜君;I490264291;OTHER;1960-12-22;0931099110;system;2018-11-07 12:10:41.855
217;饒宗翰;T102477321;OTHER;1981-02-17;0985179103;system;2018-11-07 12:10:41.855
218;何瑋婷;M635362347;MALE;1964-03-01;0938610602;system;2018-11-07 12:10:41.855
219;雲怡如;E529277611;MALE;2001-05-10;0989123954;system;2018-11-07 12:10:41.855
220;韓怡安;U623910412;FEMALE;1936-12-21;0980883101;system;2018-11-07 12:10:41.855
221;荀哲瑋;J111079489;OTHER;1928-05-20;0958801010;system;2018-11-07 12:10:41.855
222;馮怡安;H978962736;MALE;1945-05-02;0981302173;system;2018-11-07 12:10:41.855
223;樂雅涵;L412731482;FEMALE;1962-03-30;0925591071;system;2018-11-07 12:10:41.855
224;東詩涵;H495432010;OTHER;2014-02-14;0984192610;system;2018-11-07 12:10:41.855
225;趙志宏;V777198721;FEMALE;1984-08-31;0968950631;system;2018-11-07 12:10:41.855
226;溫淑娟;A010106486;MALE;2007-01-25;0998494100;system;2018-11-07 12:10:41.855
227;鄧佳蓉;I656003450;FEMALE;2009-06-06;0939101041;system;2018-11-07 12:10:41.855
228;弘佳蓉;L322456300;MALE;1953-03-22;0924291010;system;2018-11-07 12:10:41.855
229;公孫雅惠;J154010010;FEMALE;1942-11-25;0975826221;system;2018-11-07 12:10:41.855
230;宰怡婷;W182648876;MALE;1912-01-12;0933103298;system;2018-11-07 12:10:41.855
231;盍怡伶;J501010940;MALE;1998-12-25;0910232561;system;2018-11-07 12:10:41.855
232;申柏翰;L821795146;FEMALE;1914-02-10;0910109500;system;2018-11-07 12:10:41.855
233;裘佳玲;J533326626;OTHER;1930-02-19;0983106174;system;2018-11-07 12:10:41.855
234;茹詩涵;B781551581;OTHER;1966-09-26;0910257734;system;2018-11-07 12:10:41.855
235;郗沖;D992109179;FEMALE;2006-10-29;0911088798;system;2018-11-07 12:10:41.855
236;于宜君;Q280712438;FEMALE;1917-11-09;0947140121;system;2018-11-07 12:10:41.855
237;方家瑋;M394509341;FEMALE;1910-02-02;0915769104;system;2018-11-07 12:10:41.855
238;屈佩珊;Z299944106;MALE;2008-12-28;0955735510;system;2018-11-07 12:10:41.855
239;庾靜怡;G197685910;FEMALE;1967-07-30;0940832771;system;2018-11-07 12:10:41.855
240;孟沖;W100655167;MALE;1949-12-12;0961660705;system;2018-11-07 12:10:41.855
241;尹志宏;L180390976;MALE;1951-02-02;0921051046;system;2018-11-07 12:10:41.855
242;鄂怡伶;B563091864;OTHER;1916-07-21;0991017798;system;2018-11-07 12:10:41.855
243;翁沖;B010922629;OTHER;1967-09-11;0960866639;system;2018-11-07 12:10:41.855
244;汪沖;A599910623;MALE;1913-09-03;0997751002;system;2018-11-07 12:10:41.855
245;董飛;N795263109;OTHER;1975-10-30;0900691087;system;2018-11-07 12:10:41.855
246;蒲郁雯;I241070281;FEMALE;1981-12-08;0931801056;system;2018-11-07 12:10:41.855
247;曲志宏;S776588226;MALE;1913-08-17;0973710562;system;2018-11-07 12:10:41.855
248;暨雅文;E959560910;FEMALE;1990-11-29;0912319745;system;2018-11-07 12:10:41.855
249;弓家豪;O812503808;MALE;1946-08-13;0981034666;system;2018-11-07 12:10:41.855
250;苗俊賢;Y800911016;FEMALE;1942-01-01;0990612912;system;2018-11-07 12:10:41.855
251;祁威廷;G731064707;MALE;2011-08-02;0942288222;system;2018-11-07 12:10:41.855
252;樊建宏;Q698204540;FEMALE;1948-03-31;0916710210;system;2018-11-07 12:10:41.855
253;裘宗翰;Y886410824;OTHER;1917-11-21;0900392849;system;2018-11-07 12:10:41.855
254;東方建宏;B991379043;OTHER;1909-08-08;0946997610;system;2018-11-07 12:10:41.855
255;趙志偉;M810424721;MALE;1905-02-14;0914006890;system;2018-11-07 12:10:41.855
256;程怡安;P420739310;MALE;1955-05-19;0984887039;system;2018-11-07 12:10:41.855
257;程佳樺;Y801095798;FEMALE;1998-04-25;0977080636;system;2018-11-07 12:10:41.855
258;沃雅芳;G787399766;OTHER;1947-04-15;0939059817;system;2018-11-07 12:10:41.855
259;翁家豪;U906705992;MALE;1912-06-21;0910933010;system;2018-11-07 12:10:41.855
260;甄鈺婷;H872910385;FEMALE;2001-02-19;0961077526;system;2018-11-07 12:10:41.855
261;舒俊賢;G925725577;FEMALE;1988-08-30;0913870729;system;2018-11-07 12:10:41.855
262;龍美玲;W099861074;FEMALE;1986-08-21;0914812410;system;2018-11-07 12:10:41.855
263;鄔庭瑋;B048100397;FEMALE;1995-07-10;0936866310;system;2018-11-07 12:10:41.855
264;竺家瑋;I951061020;FEMALE;1956-01-20;0962381037;system;2018-11-07 12:10:41.855
265;淳于建宏;V399639262;MALE;1971-08-20;0910102997;system;2018-11-07 12:10:41.855
266;衛羽;J557746461;OTHER;1914-04-05;0980943763;system;2018-11-07 12:10:41.855
267;蒙淑娟;T708793210;MALE;1930-04-24;0983687170;system;2018-11-07 12:10:41.855
268;蕭佩珊;Z711873945;FEMALE;1962-05-27;0991538840;system;2018-11-07 12:10:41.855
269;滑怡如;P589290312;OTHER;1981-03-06;0968574813;system;2018-11-07 12:10:41.855
270;毛惠雯;J810766910;FEMALE;2013-05-30;0910948300;system;2018-11-07 12:10:41.855
271;婁怡安;K869705318;OTHER;1925-03-03;0926584581;system;2018-11-07 12:10:41.855
272;榮依婷;T841223458;MALE;1969-09-25;0973584051;system;2018-11-07 12:10:41.855
273;東瑋婷;U910244186;FEMALE;1917-08-14;0932424310;system;2018-11-07 12:10:41.855
274;熊雅萍;P299158727;FEMALE;1957-11-26;0989668102;system;2018-11-07 12:10:41.855
275;盛佩君;H521081937;MALE;1996-09-02;0910651808;system;2018-11-07 12:10:41.855
276;盛郁雯;Y975169164;MALE;2008-10-27;0926200558;system;2018-11-07 12:10:41.855
277;秦怡萱;X041013310;OTHER;1958-12-02;0910171034;system;2018-11-07 12:10:41.855
278;嚴欣怡;E105007110;FEMALE;1994-01-25;0990481024;system;2018-11-07 12:10:41.855
279;孫庭瑋;P781074057;MALE;1976-12-13;0925981007;system;2018-11-07 12:10:41.855
280;阮雅雯;F023217886;MALE;1985-02-08;0974519842;system;2018-11-07 12:10:41.855
281;師詩婷;S377740110;MALE;1947-10-17;0963128906;system;2018-11-07 12:10:41.855
282;陸雅雯;H150436831;MALE;1966-03-13;0910991087;system;2018-11-07 12:10:41.855
283;柯琬婷;W911320491;MALE;1982-12-22;0992471041;system;2018-11-07 12:10:41.855
284;養嘉玲;X781062073;OTHER;1988-08-04;0982272103;system;2018-11-07 12:10:41.855
285;謝羽;P410040610;OTHER;2009-10-06;0995109205;system;2018-11-07 12:10:41.855
286;應佳慧;B107810191;OTHER;1937-03-04;0970994690;system;2018-11-07 12:10:41.855
287;葛琬婷;A306041055;FEMALE;1940-01-06;0919710525;system;2018-11-07 12:10:41.855
288;包建宏;W422110215;OTHER;1933-09-21;0966561205;system;2018-11-07 12:10:41.855
289;蓬家豪;E403106150;FEMALE;2005-08-27;0954191010;system;2018-11-07 12:10:41.855
290;薑冠霖;R889157429;OTHER;1914-11-06;0978431041;system;2018-11-07 12:10:41.855
291;豐淑慧;F626558810;OTHER;1944-02-09;0971010741;system;2018-11-07 12:10:41.855
292;胡信宏;S469486410;FEMALE;1988-02-08;0957322100;system;2018-11-07 12:10:41.855
293;曲雅惠;X010853295;OTHER;2012-07-07;0902279878;system;2018-11-07 12:10:41.855
294;穀怡安;G421876102;MALE;1978-11-22;0902320826;system;2018-11-07 12:10:41.855
295;孟怡君;P892916165;FEMALE;1963-08-09;0906577647;system;2018-11-07 12:10:41.855
296;莫筱涵;D776478910;OTHER;1940-06-26;0910977107;system;2018-11-07 12:10:41.855
297;紅雅慧;B091641051;FEMALE;1982-05-24;0968010361;system;2018-11-07 12:10:41.855
298;松淑玲;U710801010;OTHER;1920-07-23;0918531040;system;2018-11-07 12:10:41.855
299;路怡安;M106123799;FEMALE;1916-07-26;0973051071;system;2018-11-07 12:10:41.855
300;祝淑華;J311008101;FEMALE;1969-01-28;0999977061;system;2018-11-07 12:10:41.855
301;党志宏;E751023841;FEMALE;1983-11-29;0997520010;system;2018-11-07 12:10:41.855
302;徐志豪;E636550031;FEMALE;1993-03-18;0910071053;system;2018-11-07 12:10:41.855
303;隆佳慧;J679813891;OTHER;1921-03-25;0961681081;system;2018-11-07 12:10:41.855
304;房雅琪;T537117591;OTHER;1984-12-09;0994945419;system;2018-11-07 12:10:41.855
305;闞思穎;L122942010;FEMALE;2005-08-11;0931081741;system;2018-11-07 12:10:41.855
306;古嘉玲;M122395102;FEMALE;1990-05-28;0904647787;system;2018-11-07 12:10:41.855
307;夔雅芳;U809294726;OTHER;1972-11-28;0995066704;system;2018-11-07 12:10:41.855
308;姬冠廷;E105102215;MALE;1984-10-01;0957210581;system;2018-11-07 12:10:41.855
309;桓筱涵;R290581501;FEMALE;1940-09-05;0911002418;system;2018-11-07 12:10:41.855
310;顧靜宜;J529083345;OTHER;1954-01-09;0926576710;system;2018-11-07 12:10:41.855
311;宰志豪;L141073101;MALE;1908-03-30;0959275631;system;2018-11-07 12:10:41.855
312;馬婉婷;A108210410;OTHER;2005-05-21;0909644703;system;2018-11-07 12:10:41.855
313;郎琬婷;C210125329;MALE;1907-11-04;0937309231;system;2018-11-07 12:10:41.855
314;蔔宜庭;A110701621;MALE;1936-06-14;0944106669;system;2018-11-07 12:10:41.855
315;賈怡伶;T006215760;FEMALE;1988-04-17;0995170832;system;2018-11-07 12:10:41.855
316;司空庭瑋;Q882710716;FEMALE;1916-09-16;0931051063;system;2018-11-07 12:10:41.855
317;郜欣怡;K471095357;FEMALE;1967-07-15;0924932210;system;2018-11-07 12:10:41.855
318;勞怡伶;S410245578;FEMALE;1925-07-17;0963190933;system;2018-11-07 12:10:41.855
319;弘雅文;D657407493;FEMALE;1965-10-20;0956113103;system;2018-11-07 12:10:41.855
320;能怡婷;S706856354;FEMALE;1979-09-17;0919768342;system;2018-11-07 12:10:41.855
321;芮雅文;R402867994;OTHER;2000-03-24;0910975454;system;2018-11-07 12:10:41.855
322;薊宜君;Q010739410;FEMALE;1918-04-09;0938458511;system;2018-11-07 12:10:41.855
323;荀宇軒;P569710730;OTHER;1972-02-18;0912002432;system;2018-11-07 12:10:41.855
324;公冶淑芬;P958711039;MALE;1945-03-13;0981738101;system;2018-11-07 12:10:41.855
325;俞思穎;C102770104;MALE;2013-12-16;0916810280;system;2018-11-07 12:10:41.855
326;郗美琪;S988843489;FEMALE;1998-07-15;0910476100;system;2018-11-07 12:10:41.855
327;祿雅慧;B127107775;FEMALE;1987-06-25;0935797047;system;2018-11-07 12:10:41.855
328;莘信宏;N123386439;OTHER;1905-10-25;0923542879;system;2018-11-07 12:10:41.855
329;諸淑芬;K480714360;OTHER;2015-05-28;0947391088;system;2018-11-07 12:10:41.855
330;柯詩涵;B542272100;FEMALE;1947-06-08;0916401020;system;2018-11-07 12:10:41.855
331;郝佳樺;D929491093;OTHER;1951-01-28;0910713301;system;2018-11-07 12:10:41.855
332;慕家豪;A856093210;FEMALE;1994-12-29;0999107102;system;2018-11-07 12:10:41.855
333;詹琬婷;Z654570620;MALE;1936-04-13;0910303302;system;2018-11-07 12:10:41.855
334;安家瑜;B694010551;MALE;1978-09-25;0937251005;system;2018-11-07 12:10:41.855
335;陸雅筑;B810425487;FEMALE;1983-07-08;0951057098;system;2018-11-07 12:10:41.855
336;勾婷婷;B132910135;FEMALE;1960-06-01;0983215533;system;2018-11-07 12:10:41.855
337;東方雅慧;Q104257410;FEMALE;1910-03-19;0909869923;system;2018-11-07 12:10:41.855
338;鹹宗翰;I737187851;FEMALE;1986-12-20;0923983875;system;2018-11-07 12:10:41.855
339;宰淑娟;Z829273489;OTHER;1915-11-28;0910378739;system;2018-11-07 12:10:41.855
340;莫宜庭;A208372815;FEMALE;1967-04-20;0949105210;system;2018-11-07 12:10:41.855
341;都惠婷;V748001109;MALE;2014-07-27;0930750523;system;2018-11-07 12:10:41.855
342;葉哲瑋;X642481066;MALE;1979-06-21;0933901076;system;2018-11-07 12:10:41.855
343;屈傑克;C821039911;OTHER;1948-05-06;0921007110;system;2018-11-07 12:10:41.855
344;戎雅雯;Q104588842;OTHER;2006-12-17;0910650572;system;2018-11-07 12:10:41.855
345;闞佳蓉;F109905128;MALE;2013-01-19;0981100049;system;2018-11-07 12:10:41.855
346;寇詩涵;N101710106;MALE;1904-08-18;0987304217;system;2018-11-07 12:10:41.855
347;甘雅婷;N031032420;OTHER;1989-09-01;0901755961;system;2018-11-07 12:10:41.855
348;喻冠宇;W800010101;FEMALE;1942-03-31;0910101109;system;2018-11-07 12:10:41.855
349;公孫雅涵;B764028241;FEMALE;1914-02-08;0979608818;system;2018-11-07 12:10:41.855
350;文柏翰;I105104404;MALE;1944-08-13;0998288104;system;2018-11-07 12:10:41.855
351;白惠如;U255409960;MALE;1936-09-06;0910503133;system;2018-11-07 12:10:41.855
352;陶威廷;R593721239;MALE;1961-11-14;0910444810;system;2018-11-07 12:10:41.855
353;耿怡萱;B682734978;OTHER;2016-10-20;0999104641;system;2018-11-07 12:10:41.855
354;範雅筑;Y037101669;FEMALE;1970-04-15;0978590144;system;2018-11-07 12:10:41.855
355;淳于雅涵;C487107105;FEMALE;1959-02-28;0957331452;system;2018-11-07 12:10:41.855
356;聶美玲;Z564102084;MALE;1975-09-27;0970758101;system;2018-11-07 12:10:41.855
357;廖羽;N972741010;OTHER;2015-05-09;0914753261;system;2018-11-07 12:10:41.855
358;郝怡婷;Z241235463;OTHER;1989-12-29;0932532905;system;2018-11-07 12:10:41.855
359;宦中山;N238209474;OTHER;2000-05-11;0953725029;system;2018-11-07 12:10:41.855
360;黃慧君;R410833102;FEMALE;1985-06-19;0978075210;system;2018-11-07 12:10:41.855
361;松彥廷;H271003475;FEMALE;1910-02-22;0910647164;system;2018-11-07 12:10:41.855
362;幸詩婷;S103867735;MALE;1979-10-27;0941096470;system;2018-11-07 12:10:41.855
363;舒婷婷;E060510610;MALE;1930-02-22;0946461110;system;2018-11-07 12:10:41.855
364;畢冠霖;M071105101;MALE;1939-03-06;0910381624;system;2018-11-07 12:10:41.855
365;祖靜怡;Z760859992;OTHER;1908-11-11;0989203107;system;2018-11-07 12:10:41.855
366;欒詩涵;T248110377;MALE;1908-10-30;0962294610;system;2018-11-07 12:10:41.855
367;刁建宏;K513107106;OTHER;1924-01-20;0976192696;system;2018-11-07 12:10:41.855
368;瞿惠雯;P104904485;FEMALE;1979-12-18;0904105081;system;2018-11-07 12:10:41.855
369;諸惠婷;E271250072;FEMALE;1984-11-25;0986639100;system;2018-11-07 12:10:41.855
370;費威廷;N101061042;MALE;1987-08-19;0937911021;system;2018-11-07 12:10:41.855
371;桂雅慧;J373101082;OTHER;1972-10-31;0953786104;system;2018-11-07 12:10:41.855
372;周彥廷;M251603210;OTHER;1999-02-21;0967100826;system;2018-11-07 12:10:41.855
373;水詩涵;S900280371;MALE;1971-03-26;0911097429;system;2018-11-07 12:10:41.855
374;蘇佳樺;C710775797;OTHER;1999-01-09;0975033872;system;2018-11-07 12:10:41.855
375;公冶依婷;B369702732;MALE;1918-04-06;0974196720;system;2018-11-07 12:10:41.855
376;居詩婷;H529053477;FEMALE;1918-12-05;0991709109;system;2018-11-07 12:10:41.855
377;耿羽;F878433481;MALE;1977-03-28;0907842409;system;2018-11-07 12:10:41.855
378;蔔佳慧;B283716199;MALE;1975-06-27;0956965332;system;2018-11-07 12:10:41.855
379;裴中山;F901015935;MALE;1923-09-23;0908120026;system;2018-11-07 12:10:41.855
380;蓬志豪;J486109910;MALE;1946-11-03;0930327400;system;2018-11-07 12:10:41.855
381;穀怡如;N910281057;FEMALE;2005-05-12;0980091671;system;2018-11-07 12:10:41.855
382;秦筱涵;T603104424;OTHER;1952-07-26;0914261072;system;2018-11-07 12:10:41.855
383;魚中山;K513910962;MALE;1981-07-26;0920532295;system;2018-11-07 12:10:41.855
384;水威廷;E371132136;MALE;1906-08-20;0999339964;system;2018-11-07 12:10:41.855
385;都佳蓉;A248802414;OTHER;2002-05-16;0910016952;system;2018-11-07 12:10:41.855
386;鈄筱涵;T959661812;MALE;2017-11-22;0938810784;system;2018-11-07 12:10:41.855
387;鄒怡婷;D378410103;OTHER;1939-10-22;0914107134;system;2018-11-07 12:10:41.855
388;譚雅惠;E283266091;FEMALE;1928-04-15;0921046827;system;2018-11-07 12:10:41.855
389;鄧靜宜;F146380048;MALE;1924-02-29;0932415390;system;2018-11-07 12:10:41.855
390;文瑋婷;U994147191;FEMALE;1981-01-05;0911085591;system;2018-11-07 12:10:41.855
391;聶淑慧;G210378023;OTHER;1947-05-14;0944317924;system;2018-11-07 12:10:41.855
392;毛佳樺;Q440766988;OTHER;1986-06-01;0910456479;system;2018-11-07 12:10:41.855
393;褚宇軒;D480974095;FEMALE;2012-03-30;0921131831;system;2018-11-07 12:10:41.855
394;馬淑玲;Z319247571;OTHER;1983-08-14;0988210887;system;2018-11-07 12:10:41.855
395;穆宇軒;G411049873;FEMALE;2009-06-06;0978227101;system;2018-11-07 12:10:41.855
396;沃淑貞;M592683287;MALE;1956-05-30;0948364733;system;2018-11-07 12:10:41.855
397;崔中山;H033952911;OTHER;1940-11-15;0910108710;system;2018-11-07 12:10:41.855
398;居郁雯;X369862981;MALE;1985-09-03;0991086018;system;2018-11-07 12:10:41.855
399;路詩婷;U210210328;OTHER;1972-07-08;0950300857;system;2018-11-07 12:10:41.855
400;焦哲瑋;U610167836;OTHER;2014-08-02;0981077479;system;2018-11-07 12:10:41.855
401;滕威廷;I580724110;MALE;1942-07-26;0991305355;system;2018-11-07 12:10:41.855
402;於婉婷;T904848103;MALE;1920-08-09;0947101281;system;2018-11-07 12:10:41.855
403;榮龍;Q111010980;MALE;1960-09-03;0962102103;system;2018-11-07 12:10:41.855
404;鄧淑惠;Z131009108;OTHER;1904-03-21;0951060216;system;2018-11-07 12:10:41.855
405;嵇靜宜;O276201007;OTHER;1938-03-31;0925621050;system;2018-11-07 12:10:41.855
406;越俊賢;H489791865;MALE;1975-10-09;0907533983;system;2018-11-07 12:10:41.855
407;鮑建宏;H907141052;FEMALE;2000-03-05;0998025342;system;2018-11-07 12:10:41.855
408;習威廷;L961008094;MALE;1981-12-22;0900656424;system;2018-11-07 12:10:41.855
409;文威廷;U233832000;MALE;1915-03-24;0901003577;system;2018-11-07 12:10:41.855
410;居沖;J598625578;OTHER;1917-12-04;0902111267;system;2018-11-07 12:10:41.855
411;籍佳玲;B278960110;FEMALE;1987-12-28;0994289410;system;2018-11-07 12:10:41.855
412;趙郁雯;E693019105;MALE;1976-10-29;0956968367;system;2018-11-07 12:10:41.855
413;柳俊賢;T505596111;FEMALE;1921-03-16;0916309948;system;2018-11-07 12:10:41.855
414;唐冠宇;Z543716436;MALE;1963-07-08;0992478439;system;2018-11-07 12:10:41.855
415;殷淑惠;C631700780;FEMALE;2014-04-16;0924083506;system;2018-11-07 12:10:41.855
416;暨家瑋;E789610206;OTHER;1971-10-14;0982446910;system;2018-11-07 12:10:41.855
417;滕怡君;D688370714;MALE;1971-09-16;0999728102;system;2018-11-07 12:10:41.855
418;鄂信宏;R963021070;FEMALE;1945-04-24;0981041005;system;2018-11-07 12:10:41.855
419;梅中山;K638102103;FEMALE;2017-07-28;0906105104;system;2018-11-07 12:10:41.855
420;藺佩珊;Q103031001;MALE;1933-12-16;0976993939;system;2018-11-07 12:10:41.855
421;滑宇軒;V831580964;MALE;1939-10-15;0961097031;system;2018-11-07 12:10:41.855
422;喻郁婷;U017108239;FEMALE;2004-07-23;0990861019;system;2018-11-07 12:10:41.855
423;沃庭瑋;Q792474680;OTHER;1992-07-23;0956610989;system;2018-11-07 12:10:41.855
424;汲冠宇;P786108477;FEMALE;1956-03-02;0985250195;system;2018-11-07 12:10:41.855
425;戴志宏;T210167296;OTHER;1914-10-15;0996739886;system;2018-11-07 12:10:41.855
426;祝傑克;B571956101;OTHER;1950-01-26;0910157046;system;2018-11-07 12:10:41.855
427;賀鈺婷;J710007185;FEMALE;1996-08-28;0981081011;system;2018-11-07 12:10:41.855
428;和宇軒;F300038743;MALE;1990-05-31;0956297748;system;2018-11-07 12:10:41.855
429;厙怡安;C443458671;OTHER;2005-08-20;0910750301;system;2018-11-07 12:10:41.855
430;慕宜庭;W131087037;OTHER;2001-08-30;0910712839;system;2018-11-07 12:10:41.855
431;牛宇軒;E100399103;OTHER;1968-10-11;0988416313;system;2018-11-07 12:10:41.855
432;巢志偉;P005448315;OTHER;2008-07-22;0931024420;system;2018-11-07 12:10:41.855
433;婁家瑜;J763110753;FEMALE;2013-02-12;0995877931;system;2018-11-07 12:10:41.855
434;甯依婷;S657410210;MALE;1922-05-23;0923052533;system;2018-11-07 12:10:41.855
435;穀家瑜;H931054011;FEMALE;2001-10-24;0937034517;system;2018-11-07 12:10:41.855
436;秋建宏;B075791089;OTHER;2000-12-07;0954825100;system;2018-11-07 12:10:41.855
437;楊欣怡;H134910336;FEMALE;1922-11-14;0925341030;system;2018-11-07 12:10:41.855
438;敖家瑜;M198589098;FEMALE;1985-11-08;0910811847;system;2018-11-07 12:10:41.855
439;褚佳蓉;T158043981;FEMALE;1988-08-10;0965216548;system;2018-11-07 12:10:41.855
440;晁建宏;L910091571;FEMALE;1905-02-06;0957189097;system;2018-11-07 12:10:41.855
441;柏宗翰;Y578671511;MALE;1929-11-21;0950241094;system;2018-11-07 12:10:41.855
442;堵冠宇;T101591101;MALE;1941-06-11;0949880931;system;2018-11-07 12:10:41.855
443;畢佳穎;B570051068;OTHER;1977-11-28;0981084517;system;2018-11-07 12:10:41.855
444;鈕惠如;C099257561;FEMALE;1957-06-20;0906286473;system;2018-11-07 12:10:41.855
445;茅宜庭;K386871082;MALE;2005-01-23;0901721086;system;2018-11-07 12:10:41.855
446;公羊承翰;R421001001;OTHER;1911-12-27;0933554446;system;2018-11-07 12:10:41.855
447;黃雅琪;K107726100;OTHER;1983-09-01;0961041073;system;2018-11-07 12:10:41.855
448;伍俊宏;K511048725;MALE;1953-03-13;0915023097;system;2018-11-07 12:10:41.855
449;李雅惠;U599559360;FEMALE;1910-11-12;0951406047;system;2018-11-07 12:10:41.855
450;扶怡婷;D052851010;OTHER;1999-10-30;0901052147;system;2018-11-07 12:10:41.855
451;崔怡婷;C666910815;FEMALE;1919-11-16;0905698675;system;2018-11-07 12:10:41.855
452;狄淑芬;I303354185;OTHER;1947-06-05;0988547113;system;2018-11-07 12:10:41.855
453;酆怡君;R315210420;MALE;2011-01-16;0910530664;system;2018-11-07 12:10:41.855
454;竺雅玲;V521560299;MALE;1903-02-21;0910948500;system;2018-11-07 12:10:41.855
455;戈雅慧;Q352343391;MALE;2000-11-08;0962298226;system;2018-11-07 12:10:41.855
456;童佳穎;J950181013;FEMALE;1919-04-27;0931006010;system;2018-11-07 12:10:41.855
457;扶家豪;I385778110;OTHER;1961-03-24;0940043954;system;2018-11-07 12:10:41.855
458;蘇淑惠;R406672811;OTHER;1954-10-13;0999221109;system;2018-11-07 12:10:41.855
459;豐美琪;B205479105;OTHER;2014-05-22;0930105861;system;2018-11-07 12:10:41.855
460;融雅玲;E343350321;OTHER;1966-01-25;0959110992;system;2018-11-07 12:10:41.855
461;鳳怡安;D917937884;OTHER;1989-11-07;0997100369;system;2018-11-07 12:10:41.855
462;黃佩君;V815657560;MALE;2008-08-01;0900945210;system;2018-11-07 12:10:41.855
463;滿雅雯;O669685622;FEMALE;1908-10-12;0951051589;system;2018-11-07 12:10:41.855
464;步惠婷;R125711876;MALE;1991-07-21;0910972696;system;2018-11-07 12:10:41.855
465;別淑貞;A841851020;MALE;1927-03-18;0902835766;system;2018-11-07 12:10:41.855
466;鞠雅琪;L082641510;FEMALE;1934-06-14;0926439102;system;2018-11-07 12:10:41.855
467;時馨儀;Y883734210;FEMALE;1906-07-05;0939925489;system;2018-11-07 12:10:41.855
468;別美玲;T514879550;OTHER;1998-07-11;0981314843;system;2018-11-07 12:10:41.855
469;熊淑貞;M622499812;OTHER;1953-03-30;0975101068;system;2018-11-07 12:10:41.855
470;樂慧君;R845174698;FEMALE;1979-12-04;0954961353;system;2018-11-07 12:10:41.855
471;水靜宜;X217630401;FEMALE;1965-08-13;0910967910;system;2018-11-07 12:10:41.855
472;禹鈺婷;T249108965;MALE;1952-01-12;0993549717;system;2018-11-07 12:10:41.855
473;周哲瑋;G603325171;MALE;1903-02-15;0910386895;system;2018-11-07 12:10:41.855
474;衛雅玲;R107410942;MALE;1962-10-07;0976301063;system;2018-11-07 12:10:41.855
475;蔡威廷;R027457198;FEMALE;2004-04-25;0995646019;system;2018-11-07 12:10:41.855
476;詹依婷;Y336910988;MALE;1905-09-18;0992462450;system;2018-11-07 12:10:41.855
477;萬志偉;Q851510992;FEMALE;1940-06-20;0991055438;system;2018-11-07 12:10:41.855
478;段淑慧;N196108510;OTHER;1949-12-21;0966041076;system;2018-11-07 12:10:41.855
479;路雅玲;V108410920;FEMALE;1933-12-09;0986101949;system;2018-11-07 12:10:41.855
480;慕筱涵;I001496178;FEMALE;1953-02-15;0942763068;system;2018-11-07 12:10:41.855
481;閔俊宏;J379107852;FEMALE;1979-04-07;0933261010;system;2018-11-07 12:10:41.855
482;弓筱涵;S572948668;MALE;2010-07-09;0977678799;system;2018-11-07 12:10:41.855
483;暴惠婷;I756936850;MALE;1990-03-19;0951010850;system;2018-11-07 12:10:41.855
484;劉淑華;P817304104;MALE;1905-02-08;0948630116;system;2018-11-07 12:10:41.855
485;錢沖;B210111070;FEMALE;1928-06-15;0910609688;system;2018-11-07 12:10:41.855
486;從雅筑;B287145105;OTHER;1924-03-23;0967039121;system;2018-11-07 12:10:41.855
487;孟淑慧;N340121068;MALE;2018-01-16;0990735479;system;2018-11-07 12:10:41.855
488;裴冠宇;Y719666710;MALE;2004-05-07;0910626393;system;2018-11-07 12:10:41.855
489;郗淑芬;S918301042;MALE;1988-05-30;0930006845;system;2018-11-07 12:10:41.855
490;朱雅慧;N461096109;FEMALE;1921-06-10;0988676106;system;2018-11-07 12:10:41.855
491;藍婉婷;Z656401047;OTHER;1920-01-24;0961079585;system;2018-11-07 12:10:41.855
492;隗鈺婷;P650868093;OTHER;1937-09-02;0995109724;system;2018-11-07 12:10:41.855
493;柏雅筑;O064353337;OTHER;1950-11-28;0951615203;system;2018-11-07 12:10:41.855
494;徐俊賢;F191041101;FEMALE;1953-08-11;0919149571;system;2018-11-07 12:10:41.855
495;尤龍;C446892173;MALE;1956-09-02;0999210945;system;2018-11-07 12:10:41.855
496;苗淑娟;N014401413;FEMALE;1929-03-03;0980976086;system;2018-11-07 12:10:41.855
497;解雅筑;X921510536;FEMALE;1930-10-08;0926910327;system;2018-11-07 12:10:41.855
498;喬美玲;U288104887;OTHER;2000-07-23;0910107993;system;2018-11-07 12:10:41.855
499;巢嘉玲;Z879510114;OTHER;1913-10-06;0966845710;system;2018-11-07 12:10:41.855
500;嵇宗翰;A044379315;OTHER;1994-01-01;0900202508;system;2018-11-07 12:10:41.855
501;黎鈺婷;W065232610;FEMALE;1982-09-13;0932208849;system;2018-11-07 12:10:41.855
502;徐佳樺;D621059844;OTHER;1979-12-11;0931483060;system;2018-11-07 12:10:41.855
503;須志豪;L010855364;FEMALE;1974-07-08;0939101831;system;2018-11-07 12:10:41.855
504;祖雅涵;W637616757;FEMALE;1967-08-30;0930025069;system;2018-11-07 12:10:41.855
505;秦怡如;O508575101;FEMALE;1928-04-30;0942521179;system;2018-11-07 12:10:41.855
506;逄琬婷;K108598798;OTHER;1930-03-31;0948103812;system;2018-11-07 12:10:41.855
507;安美玲;Q411896231;MALE;1949-12-23;0946379391;system;2018-11-07 12:10:41.855
508;文靜怡;B023084881;OTHER;1989-09-09;0908564210;system;2018-11-07 12:10:41.855
509;韋冠廷;S691001958;MALE;1911-04-08;0988348206;system;2018-11-07 12:10:41.855
510;景庭瑋;J084882991;FEMALE;2003-09-03;0927929201;system;2018-11-07 12:10:41.855
511;鄂詩婷;F910859228;FEMALE;2008-03-20;0933150103;system;2018-11-07 12:10:41.855
512;宦柏翰;L540438226;FEMALE;1953-07-11;0919794031;system;2018-11-07 12:10:41.855
513;邢婉婷;L394010918;MALE;1989-03-01;0993819511;system;2018-11-07 12:10:41.855
514;霍俊傑;U097031002;OTHER;1969-12-23;0956109110;system;2018-11-07 12:10:41.855
515;司馬心怡;O571104273;OTHER;2007-03-09;0996952841;system;2018-11-07 12:10:41.855
516;於宜庭;N107080010;MALE;1966-02-18;0963765757;system;2018-11-07 12:10:41.855
517;蔣志宏;V512070807;MALE;1983-05-16;0942677100;system;2018-11-07 12:10:41.855
518;連俊賢;S480462910;FEMALE;1940-03-22;0910955610;system;2018-11-07 12:10:41.855
519;徐怡伶;Z381661606;FEMALE;1965-02-28;0910509640;system;2018-11-07 12:10:41.855
520;管惠雯;O954871085;MALE;1972-10-27;0967642311;system;2018-11-07 12:10:41.855
521;鬱懿;F101003712;MALE;1907-04-05;0921651767;system;2018-11-07 12:10:41.855
522;古家瑋;T585484198;FEMALE;1946-10-07;0998593106;system;2018-11-07 12:10:41.855
523;應詩涵;A301506741;MALE;2003-07-13;0900510060;system;2018-11-07 12:10:41.855
524;烏雅萍;Y069067000;MALE;1952-05-28;0938252405;system;2018-11-07 12:10:41.855
525;公孫宗翰;E811087103;FEMALE;1951-07-02;0910737784;system;2018-11-07 12:10:41.855
526;冷彥廷;Q107076727;MALE;2017-08-07;0910421242;system;2018-11-07 12:10:41.855
527;應家豪;S866449578;FEMALE;1980-06-07;0996321066;system;2018-11-07 12:10:41.855
528;計思穎;K595343463;OTHER;1972-07-02;0983069559;system;2018-11-07 12:10:41.855
529;屈琬婷;L664717357;OTHER;1926-09-18;0989408490;system;2018-11-07 12:10:41.855
530;相雅涵;J491049601;MALE;1999-05-26;0931054458;system;2018-11-07 12:10:41.855
531;元瑋婷;S931545920;FEMALE;1941-05-18;0919472146;system;2018-11-07 12:10:41.855
532;公冶靜宜;G070370368;FEMALE;1976-08-14;0981041077;system;2018-11-07 12:10:41.855
533;葛雅玲;N540086876;MALE;1960-07-06;0999852993;system;2018-11-07 12:10:41.855
534;萬飛;R570262554;FEMALE;2006-08-02;0923533094;system;2018-11-07 12:10:41.855
535;狄宇軒;O869110210;MALE;2004-10-10;0918231272;system;2018-11-07 12:10:41.855
536;習冠廷;J734191172;FEMALE;2003-07-26;0991093917;system;2018-11-07 12:10:41.855
537;俞淑華;U110103402;FEMALE;1951-04-11;0986109693;system;2018-11-07 12:10:41.855
538;宣庭瑋;Z054901739;FEMALE;1953-05-11;0948906857;system;2018-11-07 12:10:41.855
539;鄧琬婷;I361051011;FEMALE;2001-07-26;0910044034;system;2018-11-07 12:10:41.855
540;費淑貞;N160010549;FEMALE;2003-11-16;0908010627;system;2018-11-07 12:10:41.855
541;韶志宏;R844383048;OTHER;1916-08-20;0910301392;system;2018-11-07 12:10:41.855
542;褚佳蓉;R530092823;MALE;1980-01-20;0990821241;system;2018-11-07 12:10:41.855
543;謝家瑜;P936088444;OTHER;2016-12-09;0969516810;system;2018-11-07 12:10:41.855
544;閔郁雯;M400841080;OTHER;2008-02-17;0901050110;system;2018-11-07 12:10:41.855
545;利宇軒;P700391097;FEMALE;1904-10-21;0924533101;system;2018-11-07 12:10:41.855
546;幹志偉;G629486096;FEMALE;2003-07-27;0929825473;system;2018-11-07 12:10:41.855
547;安佳蓉;S010811031;OTHER;2018-05-27;0910985810;system;2018-11-07 12:10:41.855
548;沙柏翰;J046712529;MALE;2011-03-07;0907819552;system;2018-11-07 12:10:41.855
549;晏宜君;U478281055;MALE;1979-02-05;0908898696;system;2018-11-07 12:10:41.855
550;景靜宜;U109897241;OTHER;2015-12-27;0905104877;system;2018-11-07 12:10:41.855
551;郎心怡;H108339856;OTHER;1972-06-23;0971678110;system;2018-11-07 12:10:41.855
552;強雅婷;L025109011;FEMALE;2017-07-12;0981010301;system;2018-11-07 12:10:41.855
553;馮飛;Z501243005;OTHER;1916-03-30;0934331101;system;2018-11-07 12:10:41.855
554;厙威廷;Y310104761;MALE;1933-05-24;0971010343;system;2018-11-07 12:10:41.855
555;巢惠如;H105107781;MALE;1980-02-09;0951922072;system;2018-11-07 12:10:41.855
556;華依婷;P064100533;OTHER;2000-08-13;0990818364;system;2018-11-07 12:10:41.855
557;東俊賢;C103745935;OTHER;2007-09-16;0985069104;system;2018-11-07 12:10:41.855
558;沈惠婷;K910751021;MALE;1950-05-23;0920812902;system;2018-11-07 12:10:41.855
559;宋佳蓉;X521135350;MALE;1981-07-26;0901101338;system;2018-11-07 12:10:41.855
560;郭惠雯;I481414723;OTHER;2018-09-14;0949457109;system;2018-11-07 12:10:41.855
561;柏俊宏;T811018813;FEMALE;2016-09-02;0917948886;system;2018-11-07 12:10:41.855
562;符詩涵;C805364810;OTHER;1974-03-26;0925498510;system;2018-11-07 12:10:41.855
563;邰庭瑋;B798264488;FEMALE;1955-07-22;0968783951;system;2018-11-07 12:10:41.855
564;盧詩涵;M100111010;OTHER;2016-01-19;0914924210;system;2018-11-07 12:10:41.855
565;冉淑玲;X785105248;OTHER;1904-10-26;0908910529;system;2018-11-07 12:10:41.855
566;岑龍;P935951160;FEMALE;1981-05-04;0989071848;system;2018-11-07 12:10:41.855
567;韶筱涵;L337109110;MALE;1911-05-30;0980310106;system;2018-11-07 12:10:41.855
568;賁筱涵;A124651048;OTHER;2013-04-08;0974107145;system;2018-11-07 12:10:41.855
569;烏郁雯;P977627110;FEMALE;1944-01-05;0966828992;system;2018-11-07 12:10:41.855
570;韋馨儀;R010050247;MALE;1973-04-18;0937489403;system;2018-11-07 12:10:41.855
571;莫雅涵;J554245466;OTHER;1916-07-27;0917743148;system;2018-11-07 12:10:41.855
572;曲淑華;R566100201;MALE;1963-07-30;0957010243;system;2018-11-07 12:10:41.855
573;勾佳穎;G486695451;FEMALE;2018-08-31;0906208230;system;2018-11-07 12:10:41.855
574;東方俊宏;H815846654;FEMALE;1982-10-12;0910038689;system;2018-11-07 12:10:41.855
575;甯惠雯;W121910740;OTHER;1918-04-14;0950710410;system;2018-11-07 12:10:41.855
576;冀嘉玲;J378101019;MALE;2015-08-10;0938891037;system;2018-11-07 12:10:41.855
577;蕭怡萱;U101083100;OTHER;2014-09-03;0973502441;system;2018-11-07 12:10:41.855
578;鳳信宏;P740736070;FEMALE;1984-04-06;0988918497;system;2018-11-07 12:10:41.855
579;鳳怡如;J114936401;OTHER;1995-12-19;0910795389;system;2018-11-07 12:10:41.855
580;梅美玲;W358110044;FEMALE;1902-11-13;0994677067;system;2018-11-07 12:10:41.855
581;冀家豪;N529023385;FEMALE;1913-09-18;0985652302;system;2018-11-07 12:10:41.855
582;皮思穎;W034092162;OTHER;1951-08-07;0937438310;system;2018-11-07 12:10:41.855
583;傅詩婷;B854830145;FEMALE;1986-08-23;0948799543;system;2018-11-07 12:10:41.855
584;衛佳樺;E436033184;OTHER;2008-08-09;0976944510;system;2018-11-07 12:10:41.855
585;孔郁雯;U753718690;OTHER;2001-12-22;0937084418;system;2018-11-07 12:10:41.855
586;都冠廷;A451094845;FEMALE;1953-01-29;0910057671;system;2018-11-07 12:10:41.855
587;韶鈺婷;O884971108;MALE;2007-02-06;0901058761;system;2018-11-07 12:10:41.855
588;束建宏;J721051010;OTHER;1985-09-22;0967738075;system;2018-11-07 12:10:41.855
589;單淑娟;K878180106;FEMALE;1996-09-20;0965810983;system;2018-11-07 12:10:41.855
590;蒙怡安;X010234691;OTHER;1947-09-18;0975138163;system;2018-11-07 12:10:41.855
591;單飛;E317543750;FEMALE;1934-03-07;0978093864;system;2018-11-07 12:10:41.855
592;陽雅涵;T168101104;FEMALE;1994-07-17;0947763576;system;2018-11-07 12:10:41.855
593;宋沖;B910103108;MALE;1939-10-04;0935725810;system;2018-11-07 12:10:41.855
594;相雅萍;P222181073;MALE;2004-06-21;0920224222;system;2018-11-07 12:10:41.855
595;錢沖;O201039297;MALE;1959-09-28;0969056311;system;2018-11-07 12:10:41.855
596;公羊淑貞;C631037010;FEMALE;1904-09-04;0978468741;system;2018-11-07 12:10:41.855
597;上官宜君;L775710272;MALE;1903-06-16;0994097667;system;2018-11-07 12:10:41.855
598;鮑雅玲;H245025763;FEMALE;1920-10-11;0980824106;system;2018-11-07 12:10:41.855
599;賴宜庭;J059437971;OTHER;1942-12-05;0998003580;system;2018-11-07 12:10:41.855
600;武馨儀;E491056429;OTHER;2007-11-20;0939619370;system;2018-11-07 12:10:41.855
601;藍淑芬;X132679162;OTHER;1935-01-08;0910111367;system;2018-11-07 12:10:41.855
602;伊淑貞;S276889101;OTHER;1942-03-18;0961101742;system;2018-11-07 12:10:41.855
603;藍思穎;B327941706;OTHER;1970-12-23;0902605109;system;2018-11-07 12:10:41.855
604;江宜君;I316951026;OTHER;1969-04-11;0973101660;system;2018-11-07 12:10:41.855
605;相志豪;D106817492;MALE;2015-01-07;0922531972;system;2018-11-07 12:10:41.855
606;褚雅筑;H678852104;MALE;1951-10-21;0983474109;system;2018-11-07 12:10:41.855
607;公冶淑娟;F969630410;OTHER;1993-09-10;0944854958;system;2018-11-07 12:10:41.855
608;吉怡萱;V408264343;OTHER;1999-01-12;0947371004;system;2018-11-07 12:10:41.855
609;毋龍;D971573388;FEMALE;1998-02-25;0936649439;system;2018-11-07 12:10:41.855
610;聞冠霖;F019035281;OTHER;1987-05-29;0948643051;system;2018-11-07 12:10:41.855
611;紅詩婷;F151236868;MALE;1961-08-14;0938693054;system;2018-11-07 12:10:41.855
612;陽俊賢;Y801010056;MALE;1971-09-06;0969829733;system;2018-11-07 12:10:41.855
613;龐雅萍;Q076530280;OTHER;1951-07-11;0936003110;system;2018-11-07 12:10:41.855
614;匡郁雯;K727751040;OTHER;1981-02-03;0965106538;system;2018-11-07 12:10:41.855
615;桓靜怡;W686751041;MALE;2013-05-23;0901036393;system;2018-11-07 12:10:41.855
616;薛淑芬;K438301071;FEMALE;2001-06-20;0976878254;system;2018-11-07 12:10:41.855
617;翟淑慧;U389457613;MALE;1910-03-21;0965137101;system;2018-11-07 12:10:41.855
618;伍宜庭;E752310535;FEMALE;1987-10-19;0969535307;system;2018-11-07 12:10:41.855
619;景欣怡;G467021043;MALE;1985-05-24;0928567450;system;2018-11-07 12:10:41.855
620;燕宇軒;B311062820;MALE;2015-12-01;0969926845;system;2018-11-07 12:10:41.855
621;宮俊傑;O253851793;MALE;1998-01-29;0946654231;system;2018-11-07 12:10:41.855
622;史俊傑;D959981319;OTHER;1999-12-15;0942735712;system;2018-11-07 12:10:41.855
623;相惠婷;O555910610;MALE;2011-07-04;0929454327;system;2018-11-07 12:10:41.855
624;談美玲;Z129883109;MALE;2012-07-17;0967698632;system;2018-11-07 12:10:41.855
625;江冠廷;V550629701;OTHER;1949-11-18;0910509810;system;2018-11-07 12:10:41.855
626;傅冠宇;P055051065;MALE;1976-02-06;0952163195;system;2018-11-07 12:10:41.855
627;通傑克;S224610102;OTHER;1972-10-05;0905144553;system;2018-11-07 12:10:41.855
628;林雅筑;M853984009;FEMALE;1927-07-01;0945721065;system;2018-11-07 12:10:41.855
629;徐宇軒;L300453036;MALE;1983-09-14;0916810153;system;2018-11-07 12:10:41.855
630;曲怡婷;O310679765;OTHER;1918-04-14;0927371396;system;2018-11-07 12:10:41.855
631;馬惠如;J142980102;FEMALE;1921-03-10;0961046610;system;2018-11-07 12:10:41.855
632;蕭庭瑋;P107639481;FEMALE;1969-05-29;0905289983;system;2018-11-07 12:10:41.855
633;嵇俊傑;T105016105;FEMALE;1919-05-23;0904905211;system;2018-11-07 12:10:41.855
634;羊佩君;T797951106;FEMALE;1915-06-08;0994161015;system;2018-11-07 12:10:41.855
635;茅冠宇;U891058939;OTHER;1976-04-19;0921564415;system;2018-11-07 12:10:41.855
636;唐靜宜;O035550544;MALE;1972-04-01;0971568270;system;2018-11-07 12:10:41.855
637;常志豪;S235121024;OTHER;1939-03-04;0923638308;system;2018-11-07 12:10:41.855
638;陽雅慧;G758324110;OTHER;1930-06-15;0929410589;system;2018-11-07 12:10:41.855
639;邢雅慧;G481105610;OTHER;1977-10-20;0910667810;system;2018-11-07 12:10:41.855
640;勞宇軒;K405457610;MALE;1938-08-14;0967510110;system;2018-11-07 12:10:41.855
641;盍婷婷;P010764207;FEMALE;1955-05-26;0995345104;system;2018-11-07 12:10:41.855
642;相冠廷;D290761534;MALE;1922-03-01;0924918110;system;2018-11-07 12:10:41.855
643;農威廷;H972835354;OTHER;1993-09-01;0949165103;system;2018-11-07 12:10:41.855
644;昌冠宇;X423101566;OTHER;1927-10-20;0965107092;system;2018-11-07 12:10:41.855
645;滿哲瑋;B902697250;FEMALE;1952-01-18;0996165730;system;2018-11-07 12:10:41.855
646;衛雅筑;Z388367261;OTHER;1920-01-03;0910310742;system;2018-11-07 12:10:41.855
647;向志宏;D483810710;MALE;1920-09-08;0985336610;system;2018-11-07 12:10:41.855
648;閔淑玲;I949455527;FEMALE;1973-03-29;0925790623;system;2018-11-07 12:10:41.855
649;郝雅慧;B754404671;FEMALE;2015-09-06;0920291101;system;2018-11-07 12:10:41.855
650;酈雅筑;Z108210685;MALE;1943-10-01;0991223075;system;2018-11-07 12:10:41.855
651;貝雅琪;O510816995;MALE;1967-11-05;0923841831;system;2018-11-07 12:10:41.855
652;唐雅惠;C127881001;OTHER;1955-08-21;0910936826;system;2018-11-07 12:10:41.855
653;相佩珊;Y948110510;MALE;1904-02-26;0972613574;system;2018-11-07 12:10:41.855
654;桑怡伶;W105406103;MALE;1976-11-24;0910112066;system;2018-11-07 12:10:41.855
655;貝雅惠;O397446528;OTHER;1953-01-27;0964261034;system;2018-11-07 12:10:41.855
656;俞威廷;W875580722;MALE;1971-02-04;0934668026;system;2018-11-07 12:10:41.855
657;胡詩婷;K840022764;OTHER;1922-08-02;0986100248;system;2018-11-07 12:10:41.855
658;婁美琪;V101197349;OTHER;1969-05-15;0991010551;system;2018-11-07 12:10:41.855
659;胥美玲;F488784493;OTHER;1952-08-07;0960010966;system;2018-11-07 12:10:41.855
660;褚惠雯;D772394041;OTHER;1927-11-13;0961973923;system;2018-11-07 12:10:41.855
661;籍淑玲;M400104023;OTHER;1925-03-31;0986104910;system;2018-11-07 12:10:41.855
662;錢淑娟;R102547430;OTHER;1960-02-11;0910709610;system;2018-11-07 12:10:41.855
663;鄧信宏;D810016103;OTHER;1991-03-17;0910272831;system;2018-11-07 12:10:41.855
664;扈雅玲;V310387046;MALE;1922-11-23;0955100924;system;2018-11-07 12:10:41.855
665;儲宇軒;W091048790;MALE;1925-08-11;0933190718;system;2018-11-07 12:10:41.855
666;虞飛;P740465107;FEMALE;1935-05-25;0931997110;system;2018-11-07 12:10:41.855
667;方淑玲;I721013669;OTHER;1978-11-14;0981902142;system;2018-11-07 12:10:41.855
668;虞郁雯;A216109110;FEMALE;1917-06-08;0988109773;system;2018-11-07 12:10:41.855
669;查雅玲;Y510107396;FEMALE;1949-01-01;0900110681;system;2018-11-07 12:10:41.855
670;尚家銘;Y207591104;MALE;2017-05-06;0935191105;system;2018-11-07 12:10:41.855
671;邵佳穎;P762487587;MALE;2003-08-17;0927664836;system;2018-11-07 12:10:41.855
672;季美玲;V518850706;MALE;1980-05-08;0960475108;system;2018-11-07 12:10:41.855
673;扈鈺婷;S610959490;MALE;2001-12-27;0904025091;system;2018-11-07 12:10:41.855
674;蓬志宏;U028346765;OTHER;1993-08-03;0991092162;system;2018-11-07 12:10:41.855
675;康佳慧;U985334191;FEMALE;1923-07-29;0946439010;system;2018-11-07 12:10:41.855
676;許淑玲;J101971262;FEMALE;1942-11-10;0957950412;system;2018-11-07 12:10:41.855
677;武雅涵;E288321091;FEMALE;1912-10-19;0966700104;system;2018-11-07 12:10:41.855
678;翟心怡;E215252522;OTHER;1968-08-27;0911018101;system;2018-11-07 12:10:41.855
679;樊詩婷;Q227122098;FEMALE;1997-03-31;0967715067;system;2018-11-07 12:10:41.855
680;阮宜庭;B101396404;OTHER;1971-09-17;0910611299;system;2018-11-07 12:10:41.855
681;惠庭瑋;T663102281;FEMALE;2015-02-22;0990311057;system;2018-11-07 12:10:41.855
682;羿怡萱;O924125365;FEMALE;1987-11-19;0939750427;system;2018-11-07 12:10:41.855
683;常俊賢;Y111454640;FEMALE;2007-03-06;0961781076;system;2018-11-07 12:10:41.855
684;方家銘;M934315903;OTHER;1973-02-18;0987058225;system;2018-11-07 12:10:41.855
685;鳳淑貞;T735410545;FEMALE;1923-10-12;0907042947;system;2018-11-07 12:10:41.855
686;弓美琪;D989758510;OTHER;1984-08-29;0927108212;system;2018-11-07 12:10:41.855
687;餘宜庭;L629119238;MALE;1953-03-20;0910876110;system;2018-11-07 12:10:41.855
688;孫雅慧;S830100100;OTHER;1936-09-17;0980942310;system;2018-11-07 12:10:41.855
689;狄冠霖;U398956103;FEMALE;1942-07-30;0947183555;system;2018-11-07 12:10:41.855
690;岑雅文;O267884261;FEMALE;1980-07-31;0986646395;system;2018-11-07 12:10:41.855
691;昝沖;U510365209;FEMALE;1948-12-03;0910410016;system;2018-11-07 12:10:41.855
692;卓雅文;C019673610;FEMALE;1912-12-14;0970706105;system;2018-11-07 12:10:41.855
693;熊婉婷;L687069761;OTHER;1959-04-10;0976101010;system;2018-11-07 12:10:41.855
694;益雅惠;E410210238;MALE;1985-07-21;0977314028;system;2018-11-07 12:10:41.855
695;殷雅惠;D053310472;FEMALE;1979-09-08;0947639510;system;2018-11-07 12:10:41.855
696;曲佩君;E638871010;OTHER;1987-03-15;0968429174;system;2018-11-07 12:10:41.855
697;蒙慧君;Q721478322;MALE;1908-01-30;0929924444;system;2018-11-07 12:10:41.855
698;蔣雅玲;R185318023;OTHER;1935-10-03;0925011055;system;2018-11-07 12:10:41.855
699;從依婷;Q410064691;MALE;1966-07-20;0962101006;system;2018-11-07 12:10:41.855
700;韋傑克;Y129339428;FEMALE;1928-02-29;0910689048;system;2018-11-07 12:10:41.855
701;晏俊賢;L732174251;FEMALE;1995-01-18;0928380091;system;2018-11-07 12:10:41.855
702;容淑惠;O182682397;FEMALE;1958-01-24;0902108705;system;2018-11-07 12:10:41.855
703;熊柏翰;B410316033;FEMALE;1908-11-20;0938331079;system;2018-11-07 12:10:41.855
704;明哲瑋;R664277216;OTHER;2005-08-20;0953310547;system;2018-11-07 12:10:41.855
705;刁琬婷;R729204134;FEMALE;2012-04-25;0994101823;system;2018-11-07 12:10:41.855
706;紀惠如;H950213418;MALE;1980-07-28;0911248901;system;2018-11-07 12:10:41.855
707;尚思穎;H688246256;MALE;1987-09-24;0924283278;system;2018-11-07 12:10:41.855
708;尹宇軒;Z907739702;OTHER;1974-08-18;0947351021;system;2018-11-07 12:10:41.855
709;卓雅芳;H570776410;MALE;1909-06-16;0922161312;system;2018-11-07 12:10:41.855
710;慕鈺婷;K407650252;OTHER;1938-07-09;0971099928;system;2018-11-07 12:10:41.855
711;米雅筑;V706650881;MALE;1935-01-10;0949881010;system;2018-11-07 12:10:41.855
712;寇中山;X105171010;FEMALE;1953-02-07;0939917855;system;2018-11-07 12:10:41.855
713;井怡安;H180100410;FEMALE;1989-01-27;0934332291;system;2018-11-07 12:10:41.855
714;芮雅萍;U773776110;OTHER;1941-09-21;0946591021;system;2018-11-07 12:10:41.855
715;閔婷婷;U109845983;OTHER;1945-09-12;0976185106;system;2018-11-07 12:10:41.855
716;駱淑貞;F081098875;FEMALE;1998-01-03;0961064141;system;2018-11-07 12:10:41.855
717;鄔羽;M331910487;FEMALE;1994-02-10;0977103351;system;2018-11-07 12:10:41.855
718;羊嘉玲;Q544078611;FEMALE;1965-07-25;0991310323;system;2018-11-07 12:10:41.855
719;山威廷;G146107197;OTHER;1984-01-21;0999698086;system;2018-11-07 12:10:41.855
720;秋宗翰;W091057743;MALE;1964-09-02;0908598829;system;2018-11-07 12:10:41.855
721;嵇羽;B458020541;OTHER;1963-05-10;0910338911;system;2018-11-07 12:10:41.855
722;東惠雯;H396108502;MALE;1999-03-08;0910666910;system;2018-11-07 12:10:41.855
723;車中山;T168795754;MALE;2005-03-18;0910736515;system;2018-11-07 12:10:41.855
724;宣詩婷;L743728105;OTHER;1914-06-15;0963137758;system;2018-11-07 12:10:41.855
725;尚沖;O140355610;FEMALE;1934-08-17;0922401510;system;2018-11-07 12:10:41.855
726;幹傑克;D346088319;MALE;2012-09-07;0921071031;system;2018-11-07 12:10:41.855
727;戚家瑜;Z003439130;FEMALE;1995-02-01;0910307545;system;2018-11-07 12:10:41.855
728;慕郁婷;Z516461010;FEMALE;1947-08-23;0957707907;system;2018-11-07 12:10:41.855
729;金怡萱;I151008056;MALE;2011-09-23;0931265263;system;2018-11-07 12:10:41.855
730;簡家瑋;M125359165;MALE;1904-09-12;0909723709;system;2018-11-07 12:10:41.855
731;印建宏;X565105881;MALE;2007-05-12;0910475651;system;2018-11-07 12:10:41.855
732;東方信宏;O974168301;OTHER;1975-05-21;0950772251;system;2018-11-07 12:10:41.855
733;別佩珊;I856963323;MALE;1986-02-12;0925768058;system;2018-11-07 12:10:41.855
734;桂詩涵;U574106433;OTHER;1929-12-03;0910905410;system;2018-11-07 12:10:41.855
735;宗淑貞;N457810010;MALE;1971-01-14;0900110288;system;2018-11-07 12:10:41.855
736;和淑娟;R282760184;FEMALE;1965-03-17;0919769254;system;2018-11-07 12:10:41.855
737;惠怡安;M640106936;MALE;1990-11-06;0953010110;system;2018-11-07 12:10:41.855
738;邢雅雯;F351026175;MALE;1963-11-19;0940864510;system;2018-11-07 12:10:41.855
739;蒼怡萱;D236301874;OTHER;1990-04-28;0911061076;system;2018-11-07 12:10:41.855
740;彭鈺婷;I203171007;OTHER;1912-05-11;0948891610;system;2018-11-07 12:10:41.855
741;鄧中山;K304799910;FEMALE;1940-12-02;0937253671;system;2018-11-07 12:10:41.855
742;藺詩婷;T577011101;FEMALE;1936-10-05;0983837292;system;2018-11-07 12:10:41.855
743;嚴俊賢;W365241121;MALE;1918-02-18;0914962979;system;2018-11-07 12:10:41.855
744;欒雅婷;Z781542234;FEMALE;1981-06-06;0902964478;system;2018-11-07 12:10:41.855
745;房雅文;P777411076;MALE;2001-09-09;0991108858;system;2018-11-07 12:10:41.855
746;穆飛;V410565360;FEMALE;1906-07-03;0981065035;system;2018-11-07 12:10:41.855
747;計彥廷;M010577199;OTHER;1918-02-03;0922097310;system;2018-11-07 12:10:41.855
748;廉郁雯;P201355021;FEMALE;1935-06-14;0929430702;system;2018-11-07 12:10:41.855
749;朱宇軒;P218100646;OTHER;2006-08-24;0974910581;system;2018-11-07 12:10:41.855
750;陳美玲;F934101081;FEMALE;1997-06-26;0979034131;system;2018-11-07 12:10:41.855
751;康淑貞;J516910109;FEMALE;1905-09-02;0930678837;system;2018-11-07 12:10:41.855
752;上官羽;J059274088;MALE;1910-09-27;0973953991;system;2018-11-07 12:10:41.855
753;康靜怡;T480134910;FEMALE;1944-02-02;0949891013;system;2018-11-07 12:10:41.855
754;曾俊賢;I857806102;OTHER;1912-11-03;0977677251;system;2018-11-07 12:10:41.855
755;雷柏翰;Y735381386;FEMALE;1999-03-08;0975725810;system;2018-11-07 12:10:41.855
756;蓬佳蓉;D036410274;OTHER;1924-09-10;0901095073;system;2018-11-07 12:10:41.855
757;應婷婷;V256415897;OTHER;1968-09-26;0971153106;system;2018-11-07 12:10:41.855
758;張美琪;U101171413;MALE;1971-05-16;0989178719;system;2018-11-07 12:10:41.855
759;胥淑慧;O267124331;OTHER;1916-03-26;0918267108;system;2018-11-07 12:10:41.855
760;費雅玲;Y203061004;OTHER;1929-09-27;0926102874;system;2018-11-07 12:10:41.855
761;甘靜宜;W503711686;OTHER;1990-05-30;0976635110;system;2018-11-07 12:10:41.855
762;滕美琪;U341067974;MALE;1906-06-27;0981064084;system;2018-11-07 12:10:41.855
763;顧傑克;R456798836;OTHER;1975-09-15;0911879891;system;2018-11-07 12:10:41.855
764;裴羽;A271086575;FEMALE;1928-12-28;0926062414;system;2018-11-07 12:10:41.855
765;全佳穎;B729429100;FEMALE;1991-11-05;0919088769;system;2018-11-07 12:10:41.855
766;聞雅芳;M298949710;MALE;1954-04-07;0971031643;system;2018-11-07 12:10:41.855
767;貝郁雯;V997450637;MALE;1963-06-02;0925019806;system;2018-11-07 12:10:41.855
768;計嘉玲;V407163740;OTHER;1916-06-08;0931034802;system;2018-11-07 12:10:41.855
769;方雅筑;U371010428;FEMALE;1961-10-17;0910464211;system;2018-11-07 12:10:41.855
770;賁慧君;Y380252401;FEMALE;1956-03-08;0944306365;system;2018-11-07 12:10:41.855
771;牛郁婷;C960019510;OTHER;1903-08-02;0919577103;system;2018-11-07 12:10:41.855
772;儲飛;F341340410;FEMALE;1981-10-16;0935158495;system;2018-11-07 12:10:41.855
773;闞俊宏;S476810631;OTHER;1979-03-20;0931572371;system;2018-11-07 12:10:41.855
774;欒羽;U055941991;FEMALE;1905-06-11;0910206840;system;2018-11-07 12:10:41.855
775;程冠廷;H794875158;FEMALE;1910-03-16;0910952547;system;2018-11-07 12:10:41.855
776;俞柏翰;E456729294;FEMALE;1974-01-07;0990910661;system;2018-11-07 12:10:41.855
777;茹淑玲;Y644195321;FEMALE;1966-07-28;0929109100;system;2018-11-07 12:10:41.855
778;暴佳樺;T458832683;MALE;2002-05-28;0956807351;system;2018-11-07 12:10:41.855
779;郜怡萱;R447791759;OTHER;2001-06-15;0908108916;system;2018-11-07 12:10:41.855
780;竇傑克;U426669574;OTHER;1927-10-07;0943698836;system;2018-11-07 12:10:41.855
781;印淑芬;X336559102;FEMALE;1955-08-10;0914994722;system;2018-11-07 12:10:41.855
782;魚雅萍;Q811017903;FEMALE;1995-09-30;0996210512;system;2018-11-07 12:10:41.855
783;昝威廷;M660745427;MALE;1956-06-07;0920324422;system;2018-11-07 12:10:41.855
784;田馨儀;N806099075;FEMALE;1983-05-31;0997797019;system;2018-11-07 12:10:41.855
785;蒼佳樺;G305432228;OTHER;1939-07-13;0961038315;system;2018-11-07 12:10:41.855
786;辛惠如;A370984720;OTHER;1972-02-29;0911312674;system;2018-11-07 12:10:41.855
787;衡筱涵;K384374558;FEMALE;1956-06-26;0996608057;system;2018-11-07 12:10:41.855
788;袁瑋婷;Z286310331;FEMALE;1938-06-16;0931859510;system;2018-11-07 12:10:41.855
789;上官馨儀;M759287822;FEMALE;1970-07-24;0971510439;system;2018-11-07 12:10:41.855
790;相雅芳;Y056043381;MALE;1917-05-05;0961018066;system;2018-11-07 12:10:41.855
791;柴俊傑;I710951047;MALE;1904-05-14;0927090410;system;2018-11-07 12:10:41.855
792;戴欣怡;V066316931;FEMALE;1968-11-21;0911010990;system;2018-11-07 12:10:41.855
793;曆怡君;B971239776;MALE;1974-11-09;0921053991;system;2018-11-07 12:10:41.855
794;公孫嘉玲;L104252490;MALE;1920-05-26;0956051014;system;2018-11-07 12:10:41.855
795;司徒家豪;S410554665;FEMALE;1922-11-04;0934125102;system;2018-11-07 12:10:41.855
796;杜怡伶;N531137210;MALE;1931-02-28;0914211005;system;2018-11-07 12:10:41.855
797;冉馨儀;O610312821;MALE;2012-04-22;0973701036;system;2018-11-07 12:10:41.855
798;紀雅萍;S081520870;OTHER;1988-07-25;0909104669;system;2018-11-07 12:10:41.855
799;貝怡萱;H904063110;FEMALE;1969-05-05;0911430399;system;2018-11-07 12:10:41.855
800;湯宗翰;K610446734;OTHER;1983-04-22;0928089200;system;2018-11-07 12:10:41.855
801;何冠霖;I105704193;OTHER;2003-01-30;0910334815;system;2018-11-07 12:10:41.855
802;馬欣怡;I852387997;FEMALE;1954-10-16;0923280053;system;2018-11-07 12:10:41.855
803;冀佳樺;M525040941;FEMALE;1996-02-29;0908262102;system;2018-11-07 12:10:41.855
804;屈志偉;K910697110;FEMALE;2016-10-08;0915798858;system;2018-11-07 12:10:41.855
805;牧冠宇;P286251010;FEMALE;2014-11-07;0927527034;system;2018-11-07 12:10:41.855
806;金靜宜;I105279409;FEMALE;1942-12-18;0910740094;system;2018-11-07 12:10:41.855
807;張淑貞;E177751388;FEMALE;1945-09-06;0911710075;system;2018-11-07 12:10:41.855
808;明心怡;C510561090;OTHER;1920-11-04;0917453701;system;2018-11-07 12:10:41.855
809;邊美玲;H317101041;OTHER;1980-10-31;0909948661;system;2018-11-07 12:10:41.855
810;顧馨儀;D535257102;OTHER;1985-07-24;0911486651;system;2018-11-07 12:10:41.855
811;喬宇軒;O794910861;MALE;2008-08-13;0966860055;system;2018-11-07 12:10:41.855
812;弘婷婷;F008910508;MALE;2005-02-24;0926710478;system;2018-11-07 12:10:41.855
813;林懿;L279673958;FEMALE;1949-08-06;0901001213;system;2018-11-07 12:10:41.855
814;孫家豪;I710537121;FEMALE;2017-07-20;0998345410;system;2018-11-07 12:10:41.855
815;國冠宇;V349710783;FEMALE;1963-10-18;0996406511;system;2018-11-07 12:10:41.855
816;葉慧君;L181463201;OTHER;1910-04-08;0971081086;system;2018-11-07 12:10:41.855
817;董鈺婷;H356542159;MALE;1997-08-03;0966341079;system;2018-11-07 12:10:41.855
818;戎靜宜;I003372973;OTHER;1937-09-24;0925053026;system;2018-11-07 12:10:41.855
819;雷佩君;E719702110;MALE;1920-10-20;0916120342;system;2018-11-07 12:10:41.855
820;張淑娟;H712266101;OTHER;1927-10-08;0929617040;system;2018-11-07 12:10:41.855
821;童志宏;L890499221;OTHER;1931-03-25;0967100935;system;2018-11-07 12:10:41.855
822;衡淑華;R010106734;FEMALE;1917-08-22;0907794151;system;2018-11-07 12:10:41.855
823;杜怡如;D836995212;MALE;1914-12-09;0999663138;system;2018-11-07 12:10:41.855
824;許龍;T001001862;FEMALE;1989-11-15;0902551067;system;2018-11-07 12:10:41.855
825;熊佩君;W571021348;OTHER;1921-05-28;0933221023;system;2018-11-07 12:10:41.855
826;權志偉;V210829861;FEMALE;1948-03-27;0941010887;system;2018-11-07 12:10:41.855
827;茹家瑋;R079670368;FEMALE;1961-03-26;0980538210;system;2018-11-07 12:10:41.855
828;程婉婷;K118106927;OTHER;1951-07-02;0956917500;system;2018-11-07 12:10:41.855
829;厙思穎;R573808877;FEMALE;1962-03-07;0911011106;system;2018-11-07 12:10:41.855
830;竇筱涵;L157836804;MALE;1970-04-25;0923462233;system;2018-11-07 12:10:41.855
831;宰佳蓉;F278432103;OTHER;2015-07-22;0901011011;system;2018-11-07 12:10:41.855
832;支詩涵;C950101098;FEMALE;1958-09-12;0970496146;system;2018-11-07 12:10:41.855
833;郎志豪;B971002715;MALE;1967-10-05;0902732109;system;2018-11-07 12:10:41.855
834;仲怡萱;X913594105;FEMALE;1991-03-20;0935955051;system;2018-11-07 12:10:41.855
835;邢雅雯;R444310881;OTHER;1956-12-16;0969714761;system;2018-11-07 12:10:41.855
836;晁志宏;O102575102;MALE;1942-02-16;0943178347;system;2018-11-07 12:10:41.855
837;蔣郁婷;K103495218;OTHER;1936-10-27;0973135180;system;2018-11-07 12:10:41.855
838;臧飛;G597105906;FEMALE;1954-08-21;0940360789;system;2018-11-07 12:10:41.855
839;田嘉玲;T835691247;FEMALE;1919-06-09;0911531773;system;2018-11-07 12:10:41.855
840;閻淑華;Y471102251;MALE;1914-06-08;0946522805;system;2018-11-07 12:10:41.855
841;盛冠宇;L102496448;OTHER;1984-11-01;0910310416;system;2018-11-07 12:10:41.855
842;滿佩君;R853101027;OTHER;1967-09-29;0910151092;system;2018-11-07 12:10:41.855
843;胡建宏;M910495173;FEMALE;2015-03-09;0931248110;system;2018-11-07 12:10:41.855
844;淩承翰;V450511009;OTHER;1994-01-22;0910030338;system;2018-11-07 12:10:41.855
845;党怡君;S292379561;OTHER;1928-11-25;0926548245;system;2018-11-07 12:10:41.855
846;伏雅玲;S472810024;FEMALE;1996-09-11;0956667969;system;2018-11-07 12:10:41.855
847;戴佳穎;K710127209;FEMALE;1972-01-11;0919720104;system;2018-11-07 12:10:41.855
848;平佩君;C184109510;MALE;2002-05-12;0916810393;system;2018-11-07 12:10:41.855
849;許雅慧;U311010491;MALE;2003-02-26;0939251810;system;2018-11-07 12:10:41.855
850;班雅惠;O275010109;OTHER;1991-09-13;0959101096;system;2018-11-07 12:10:41.855
851;餘家瑜;L984605124;FEMALE;1919-05-13;0910210331;system;2018-11-07 12:10:41.855
852;公羊惠如;Y327686924;OTHER;1911-04-19;0961021245;system;2018-11-07 12:10:41.855
853;蒲承翰;U890334230;MALE;1988-06-11;0910103145;system;2018-11-07 12:10:41.855
854;郭怡婷;F141042369;OTHER;1967-04-21;0922674613;system;2018-11-07 12:10:41.855
855;範佩君;R218282358;FEMALE;1981-10-12;0997390912;system;2018-11-07 12:10:41.855
856;刁思穎;C109514163;OTHER;1993-08-19;0928491639;system;2018-11-07 12:10:41.855
857;惠淑惠;N220091039;FEMALE;1975-06-11;0921823370;system;2018-11-07 12:10:41.855
858;竺雅萍;A201511010;MALE;1967-03-21;0974106131;system;2018-11-07 12:10:41.855
859;餘佳慧;U452710201;FEMALE;1968-07-05;0955721788;system;2018-11-07 12:10:41.855
860;車雅惠;C431004900;FEMALE;2013-03-29;0995383100;system;2018-11-07 12:10:41.855
861;藺威廷;V230276135;FEMALE;1977-10-01;0968844095;system;2018-11-07 12:10:41.855
862;司空志偉;X061052392;OTHER;1988-01-20;0998540212;system;2018-11-07 12:10:41.855
863;和婉婷;E792105732;MALE;1905-02-09;0994256511;system;2018-11-07 12:10:41.855
864;廉庭瑋;N660322415;FEMALE;1969-05-28;0957666450;system;2018-11-07 12:10:41.855
865;居雅玲;X741066887;FEMALE;1951-02-26;0909511104;system;2018-11-07 12:10:41.855
866;黃詩婷;M350207584;OTHER;1952-09-29;0943576311;system;2018-11-07 12:10:41.855
867;暨志偉;Z481719646;MALE;1916-04-14;0997051045;system;2018-11-07 12:10:41.855
868;杭承翰;M620110186;MALE;1978-06-19;0959686732;system;2018-11-07 12:10:41.855
869;武雅筑;D261091247;OTHER;2004-01-07;0971071395;system;2018-11-07 12:10:41.855
870;衡懿;Q524342300;FEMALE;1986-06-17;0922875495;system;2018-11-07 12:10:41.855
871;支淑芬;J961299735;FEMALE;1965-12-12;0910045106;system;2018-11-07 12:10:41.855
872;聶怡萱;T191014576;MALE;1991-12-29;0984424009;system;2018-11-07 12:10:41.855
873;習婉婷;J892571019;OTHER;1923-11-14;0956795078;system;2018-11-07 12:10:41.855
874;伍羽;P132904844;OTHER;1927-02-02;0960421062;system;2018-11-07 12:10:41.855
875;陶佳蓉;N264751409;OTHER;1950-04-09;0901878221;system;2018-11-07 12:10:41.855
876;胥琬婷;P507652476;MALE;1914-08-17;0957693990;system;2018-11-07 12:10:41.855
877;溥傑克;Q105511210;OTHER;1934-07-06;0940419279;system;2018-11-07 12:10:41.855
878;戚怡伶;E946965606;OTHER;2010-04-18;0975734100;system;2018-11-07 12:10:41.855
879;景怡安;F517796101;FEMALE;1933-02-03;0907424799;system;2018-11-07 12:10:41.855
880;盧婷婷;F540193108;MALE;2003-07-24;0921928886;system;2018-11-07 12:10:41.855
881;党怡安;O311601006;FEMALE;1935-07-18;0910852136;system;2018-11-07 12:10:41.855
882;蓬佳穎;B387819681;FEMALE;1917-04-04;0925216482;system;2018-11-07 12:10:41.855
883;元家銘;L294466903;OTHER;1905-06-30;0953995944;system;2018-11-07 12:10:41.855
884;褚淑惠;J100439410;MALE;1962-06-22;0902721056;system;2018-11-07 12:10:41.855
885;郜雅慧;E810109492;OTHER;1936-10-29;0924021061;system;2018-11-07 12:10:41.855
886;充佩珊;A250910483;OTHER;1930-05-07;0920538606;system;2018-11-07 12:10:41.855
887;臧雅筑;Y352101084;FEMALE;1947-08-17;0914010100;system;2018-11-07 12:10:41.855
888;廖承翰;L093531671;FEMALE;1943-06-25;0953105295;system;2018-11-07 12:10:41.855
889;豐琬婷;I110062115;MALE;1981-06-21;0917610985;system;2018-11-07 12:10:41.855
890;敖傑克;M400910339;OTHER;1966-04-07;0910082804;system;2018-11-07 12:10:41.855
891;蔔雅筑;I681010179;FEMALE;1992-07-20;0945439124;system;2018-11-07 12:10:41.855
892;党美琪;L678710641;FEMALE;1930-03-13;0960538091;system;2018-11-07 12:10:41.855
893;敖思穎;A636988215;OTHER;1933-08-12;0901962756;system;2018-11-07 12:10:41.855
894;宮婷婷;D010558018;MALE;1937-09-12;0930021102;system;2018-11-07 12:10:41.855
895;梁志宏;A709251061;FEMALE;1958-09-28;0951089896;system;2018-11-07 12:10:41.855
896;竇琬婷;M605107967;FEMALE;1983-08-30;0930864100;system;2018-11-07 12:10:41.855
897;鹹宜庭;G704101031;FEMALE;1974-05-06;0975320928;system;2018-11-07 12:10:41.855
898;晏承翰;E427015566;MALE;1975-07-24;0914100387;system;2018-11-07 12:10:41.855
899;池宜君;P915092146;MALE;1998-07-30;0910101055;system;2018-11-07 12:10:41.855
900;苗淑玲;W046003359;MALE;2017-11-29;0910824161;system;2018-11-07 12:10:41.855
901;尤瑋婷;F710812028;OTHER;2005-12-26;0966517295;system;2018-11-07 12:10:41.855
902;馮彥廷;X367981101;FEMALE;1937-01-15;0942978107;system;2018-11-07 12:10:41.855
903;平筱涵;X096637416;FEMALE;1929-04-27;0923320051;system;2018-11-07 12:10:41.855
904;須信宏;P234493595;MALE;1940-12-20;0961010109;system;2018-11-07 12:10:41.855
905;羅佳穎;U901003642;FEMALE;1903-01-19;0911088413;system;2018-11-07 12:10:41.855
906;齊佳慧;T010810906;OTHER;2004-02-03;0981373125;system;2018-11-07 12:10:41.855
907;別承翰;G240566827;FEMALE;1922-12-22;0967525108;system;2018-11-07 12:10:41.855
908;季婷婷;M564319049;OTHER;1969-04-11;0941300855;system;2018-11-07 12:10:41.855
909;上官佳穎;V512027179;MALE;2006-06-28;0968555361;system;2018-11-07 12:10:41.855
910;慎家瑋;O976914639;FEMALE;1948-09-10;0967671093;system;2018-11-07 12:10:41.855
911;敖怡伶;U100434880;OTHER;1987-03-11;0929325822;system;2018-11-07 12:10:41.855
912;武婉婷;I374234987;FEMALE;1910-09-11;0918535141;system;2018-11-07 12:10:41.855
913;昌嘉玲;Y359033296;MALE;1979-04-16;0950101516;system;2018-11-07 12:10:41.855
914;閻依婷;F766061029;FEMALE;1989-01-22;0947738710;system;2018-11-07 12:10:41.855
915;成雅慧;S334344981;OTHER;1969-07-21;0906292552;system;2018-11-07 12:10:41.855
916;魚佳慧;J466021089;MALE;1981-05-21;0941101560;system;2018-11-07 12:10:41.855
917;鍾雅筑;H041071938;OTHER;1946-03-14;0914969232;system;2018-11-07 12:10:41.855
918;臧彥廷;D310543092;MALE;1932-09-01;0992402024;system;2018-11-07 12:10:41.855
919;白嘉玲;H710147961;OTHER;1953-04-10;0987945410;system;2018-11-07 12:10:41.855
920;甘柏翰;R910445273;FEMALE;2018-08-05;0906101604;system;2018-11-07 12:10:41.855
921;游靜宜;I590107140;FEMALE;1939-03-05;0975210810;system;2018-11-07 12:10:41.855
922;陸俊賢;N166489205;MALE;1960-08-21;0972227968;system;2018-11-07 12:10:41.855
923;印佳玲;S961049340;OTHER;2013-01-20;0910734104;system;2018-11-07 12:10:41.855
924;巴柏翰;C017579893;MALE;1990-12-10;0974401106;system;2018-11-07 12:10:41.855
925;盛馨儀;H902565721;OTHER;1980-08-05;0942305010;system;2018-11-07 12:10:41.855
926;惠靜宜;B738838790;FEMALE;1909-06-24;0950430821;system;2018-11-07 12:10:41.855
927;毛雅涵;D170481452;OTHER;1933-06-10;0903822104;system;2018-11-07 12:10:41.855
928;仲怡君;B267106009;OTHER;1932-05-18;0909101167;system;2018-11-07 12:10:41.855
929;越冠廷;J685089506;OTHER;2013-02-15;0903367436;system;2018-11-07 12:10:41.855
930;傅俊宏;J988948381;FEMALE;1914-08-06;0983241589;system;2018-11-07 12:10:41.855
931;宗龍;M231010903;OTHER;1959-02-03;0926008310;system;2018-11-07 12:10:41.855
932;儲中山;L332319391;MALE;1991-05-06;0987671101;system;2018-11-07 12:10:41.855
933;後慧君;P401031010;MALE;1983-05-22;0969410029;system;2018-11-07 12:10:41.855
934;白靜宜;N565311040;MALE;1995-08-22;0996610767;system;2018-11-07 12:10:41.855
935;元雅玲;B439017811;MALE;1903-01-01;0985146468;system;2018-11-07 12:10:41.855
936;習靜宜;K310103143;FEMALE;2008-06-08;0978103747;system;2018-11-07 12:10:41.855
937;瞿怡伶;W685926760;MALE;1938-07-23;0919661322;system;2018-11-07 12:10:41.855
938;劉宇軒;K766185949;OTHER;2007-07-05;0900046932;system;2018-11-07 12:10:41.855
939;烏雅芳;J988399402;MALE;1968-07-02;0934641341;system;2018-11-07 12:10:41.855
940;井靜怡;R810141145;MALE;1975-02-25;0910033145;system;2018-11-07 12:10:41.855
941;崔郁婷;J610181160;MALE;1956-09-02;0986107433;system;2018-11-07 12:10:41.855
942;韶家瑋;F746342991;FEMALE;1954-05-14;0956870832;system;2018-11-07 12:10:41.855
943;倪思穎;J267289295;OTHER;1928-07-31;0910547051;system;2018-11-07 12:10:41.855
944;湯詩涵;K101756353;FEMALE;1989-01-14;0910438429;system;2018-11-07 12:10:41.855
945;胥懿;T783920283;OTHER;1908-05-03;0910658844;system;2018-11-07 12:10:41.855
946;暨懿;Q672841410;OTHER;1987-01-10;0953609196;system;2018-11-07 12:10:41.855
947;弘冠廷;Y953451017;MALE;2003-01-27;0910069026;system;2018-11-07 12:10:41.855
948;通雅涵;K590615098;FEMALE;1967-04-18;0903303324;system;2018-11-07 12:10:41.855
949;高雅筑;X071952100;MALE;1939-05-18;0965104627;system;2018-11-07 12:10:41.855
950;莊怡安;J101021128;FEMALE;1915-06-08;0977614608;system;2018-11-07 12:10:41.855
951;陽飛;L510055157;OTHER;1946-10-18;0989701045;system;2018-11-07 12:10:41.855
952;充雅筑;F101610075;OTHER;1992-01-23;0920785641;system;2018-11-07 12:10:41.855
953;沈靜宜;Z879261382;FEMALE;1953-10-09;0994073108;system;2018-11-07 12:10:41.855
954;車羽;D771528521;MALE;2014-01-11;0945431015;system;2018-11-07 12:10:41.855
955;華詩涵;E689891110;FEMALE;1969-08-23;0910396618;system;2018-11-07 12:10:41.855
956;浦俊賢;K562110530;MALE;1975-12-06;0903962510;system;2018-11-07 12:10:41.855
957;酈雅惠;I910510551;MALE;1972-12-13;0901038189;system;2018-11-07 12:10:41.855
958;郎婷婷;G154910954;OTHER;1960-01-16;0936975872;system;2018-11-07 12:10:41.855
959;戈淑華;I001070462;MALE;1920-10-30;0963395889;system;2018-11-07 12:10:41.855
960;幹羽;Q986739021;OTHER;1946-03-31;0938961090;system;2018-11-07 12:10:41.855
961;芮怡萱;R610821710;MALE;1941-12-25;0910521011;system;2018-11-07 12:10:41.855
962;霍志宏;O942978351;MALE;1917-03-31;0919892685;system;2018-11-07 12:10:41.855
963;危龍;M184073958;OTHER;1959-08-24;0924982058;system;2018-11-07 12:10:41.855
964;秋中山;A435021095;OTHER;1934-03-21;0959046101;system;2018-11-07 12:10:41.855
965;談冠霖;F054063107;OTHER;1984-09-22;0986370722;system;2018-11-07 12:10:41.855
966;戈靜宜;N229310558;MALE;1956-08-11;0910610474;system;2018-11-07 12:10:41.855
967;幹心怡;E871948295;FEMALE;1970-01-03;0943018838;system;2018-11-07 12:10:41.855
968;籍雅涵;T761085561;MALE;1996-08-17;0931044310;system;2018-11-07 12:10:41.855
969;濮傑克;M910358706;FEMALE;1983-10-30;0924100724;system;2018-11-07 12:10:41.855
970;賀宗翰;E280765932;OTHER;1951-04-13;0910100384;system;2018-11-07 12:10:41.855
971;公羊佳蓉;U114241025;FEMALE;1932-07-08;0996899910;system;2018-11-07 12:10:41.855
972;榮郁婷;G321004101;MALE;1938-05-21;0910823932;system;2018-11-07 12:10:41.855
973;芮雅婷;D103828010;MALE;2014-10-20;0941092221;system;2018-11-07 12:10:41.855
974;山宇軒;C612510000;OTHER;2014-06-01;0901010535;system;2018-11-07 12:10:41.855
975;王淑貞;J910305386;MALE;2003-08-23;0944240331;system;2018-11-07 12:10:41.855
976;井雅琪;Q664737051;OTHER;1941-07-28;0925904287;system;2018-11-07 12:10:41.855
977;元冠廷;W804650087;MALE;2000-01-16;0959149201;system;2018-11-07 12:10:41.855
978;倪淑玲;D718014426;MALE;1921-01-10;0935395851;system;2018-11-07 12:10:41.855
979;荀欣怡;C101012886;MALE;2002-03-05;0901076106;system;2018-11-07 12:10:41.855
980;東信宏;J338510101;OTHER;1962-02-14;0921071097;system;2018-11-07 12:10:41.855
981;伏雅慧;W452103231;FEMALE;1970-07-23;0988194408;system;2018-11-07 12:10:41.855
982;任鈺婷;I344466354;OTHER;1979-11-09;0910331306;system;2018-11-07 12:10:41.855
983;益雅雯;N533665671;MALE;1905-06-27;0961857081;system;2018-11-07 12:10:41.855
984;明嘉玲;G985297854;FEMALE;1951-03-30;0969343108;system;2018-11-07 12:10:41.855
985;包嘉玲;F658151710;MALE;2013-07-09;0909924993;system;2018-11-07 12:10:41.855
986;賁婉婷;N141228810;OTHER;1969-05-26;0967510571;system;2018-11-07 12:10:41.855
987;郎俊宏;D074082665;MALE;1994-09-23;0962877686;system;2018-11-07 12:10:41.855
988;嵇懿;N810861009;MALE;1925-01-28;0953683424;system;2018-11-07 12:10:41.855
989;裴雅筑;U267731066;FEMALE;1971-01-25;0927084102;system;2018-11-07 12:10:41.855
990;紀佳慧;J238745151;OTHER;2013-09-21;0900501003;system;2018-11-07 12:10:41.855
991;昌佳玲;O620085631;FEMALE;2003-10-12;0966973096;system;2018-11-07 12:10:41.855
992;靳婷婷;J239679813;MALE;2013-10-20;0960701055;system;2018-11-07 12:10:41.855
993;儲雅婷;Y163641863;OTHER;1942-06-25;0953476610;system;2018-11-07 12:10:41.855
994;蘇雅婷;Y632714590;FEMALE;1964-04-18;0983633174;system;2018-11-07 12:10:41.855
995;鄔婉婷;W976778054;OTHER;1995-04-28;0961291094;system;2018-11-07 12:10:41.855
996;昝婷婷;U236808401;FEMALE;1987-01-25;0921624695;system;2018-11-07 12:10:41.855
997;計冠廷;O325410586;FEMALE;1939-08-29;0939601054;system;2018-11-07 12:10:41.855
998;秋家豪;Z764678748;FEMALE;1902-12-23;0980217554;system;2018-11-07 12:10:41.855
999;晏佳穎;V365896449;OTHER;2013-12-20;0971010105;system;2018-11-07 12:10:41.855
1000;餘郁婷;I516930790;MALE;1912-03-27;0931661981;system;2018-11-07 12:10:41.855
